1.0,3.20ab,+saptadvīpaṁ samudrañ ca mahāntaḥ saptaparvatāḥ|+ ||,4.16cd,saptadvīpaṁ samudrañ ca mahāntaḥ saptaparvatāḥ |
0.9142857142857143,1.6ab,yatra yatra samuddīkṣya tatra tatraiva labhyate ||,5.19ab,yatra yatra samudīkṣya tatra tatraiva labhyate ||
0.7391304347826086,3.71ab,tattvaṁ tiṣṭhanti te sarve tattvaṁ vāhyanti te punaḥ ||,3.73ab,tattvaṁ tiṣṭhanti te sarve tattvaṁ līyati te punaḥ ||
0.6956521739130435,4.36cd,garbhajanmajarāhīnaḥ janmakleśavivarjitaḥ |,4.41ab,garbhajanmajarāhīnaḥ kleśasaṅghavivarjitaḥ ||
0.6666666666666666,3.44ab,pṛthivī salilañ cāgniḥ bāyur ākāśakam manaḥ ||,4.76ab,pṛthivī salilan tejaḥ bāyur ākāśakam manaḥ ||
0.6170212765957447,4.37ab,aṣṭaiśvaryaguṇopetaḥ aṣṭaguṇāmitaprabhaḥ ||,4.41cd,aṣṭaiśvaryaguṇopetaḥ cākarāmitasuprabhaḥ |
0.6041666666666666,11.96ab,sikāran dakṣiṇe netre ddhakāro vāmanetrake ||,11.97ab,sikāran dakṣiṇe karṇe ddhakāro vāmakarṇake ||
0.5714285714285714,11.95ab,sikāran dakṣiṇe nāse ddhakāraṁ vāmanāsake ||,11.96ab,sikāran dakṣiṇe netre ddhakāro vāmanetrake ||
0.5636363636363636,7.2cd,brahmā viṣṇu-śivaś caiva utpattiś ca nigadyate |,7.4cd,brahmā viṣṇu śivaś caiva pralīnañ ca nigadyate |
0.52,11.95ab,sikāran dakṣiṇe nāse ddhakāraṁ vāmanāsake ||,11.97ab,sikāran dakṣiṇe karṇe ddhakāro vāmakarṇake ||
0.4576271186440678,11.93cd,antañ ca svar iti tattvam siddhāntan nāma nāmataḥ |,11.94cd,anta-svarga iti proktaḥ siddhāntan nāma nāmataḥ |
0.44642857142857145,11.75ab,akṣaraṁ jñānasiddhāntam saptadhā bhedalakṣaṇam ||,11.87ab,evam akṣarasiddhāntam praṇavam bhedalakṣaṇam ||
0.43859649122807015,9.23cd,mantrānām uttamaṅ kūṭam kūṭānāṁ praṇavaṁ param |,9.24ab,sarveṣām api kūṭānām praṇavaṁ kūṭam uttamam ||
0.43548387096774194,11.87cd,siddhaṁ sadāśivam proktam antaṁ paramasaṅjñakam |,11.88ab,siddhaṁ rudra iti proktam anta-devo sadāśivam ||
0.42857142857142855,11.52cd,evam etāni rūpāṇi saṅśayāni pṛthak pṛthak |,11.53ab,sarvavarṇāni rūpāṇi saṅsārāni pṛthak pṛthak ||
0.4262295081967213,4.33ab,utpattisthitilīnākhyam lokānāṅ kṛtakāraṇaḥ ||,7.26ab,utpattisthitilīnākhyam brāhmādyaḥ suraśaraṇaḥ ||
0.41935483870967744,2.4cd,akarmatvān mahāprabham pauruṣo vakṣasi sthitam |,3.16cd,asaṅkṛto mahātejaḥ pauruṣo vakṣasi sthitam |
0.41379310344827586,1.3cd,vākyan te parameśānam sūryāyutasamaprabham |,1.26cd,tasyāntare prabhāmātram sūryāyutasamaprabham |
0.4126984126984127,7.2ab,mano buddhir ahaṅkāraḥ utpattiś ca nigadyate ||,7.4ab,emahaṅkāro mano buddhiḥ pralīnañ ca nigadyate ||
0.4098360655737705,1.10ab,acalaś cālayet sarvam jagatsthāvarajaṅgamam ||,11.62ab,brahmādisakalam viśvam jagatsthāvarajaṅgamam ||
0.4090909090909091,4.49cd,akāraṁ paramaṁ śūnyam ukāram paramaṁ padam |,4.50ab,makāram paramaṁ divyam tatlīnaṁ paramam padam ||
0.4067796610169492,3.13cd,etat bhūtvā śarīrākhyam bhautikā nābhir ucyate |,4.2cd,etat bhūtaśarīrākhyam śarīraniṣṭha-r-ucyate |
0.4067796610169492,11.96cd,anta-trinayanam viddhi siddhāntan nāma nāmataḥ |,11.97cd,antam vā kārṇamadhyasthe siddhāntan nāma nāmataḥ |
0.40350877192982454,11.77ab,evam akṣarasiddhāntam saptalokaṁ prakīrtitam ||,11.87ab,evam akṣarasiddhāntam praṇavam bhedalakṣaṇam ||
0.40350877192982454,11.45ab,idaṁ jñānam mahādevi siddhāntan nāma nāmataḥ ||,11.96cd,anta-trinayanam viddhi siddhāntan nāma nāmataḥ |
0.4032258064516129,7.2ab,mano buddhir ahaṅkāraḥ utpattiś ca nigadyate ||,7.3ab,buddhir ahaṅkāro manaḥ sthitir eva nigadyate ||
0.4032258064516129,3.82ab,māyāmātram idaṁ rūpam jagatsthāvarajaṅgamam ||,4.17cd,tato bhūtam idaṁ sarve jagat sthāvarajaṅgamam |
0.4,11.93cd,antañ ca svar iti tattvam siddhāntan nāma nāmataḥ |,11.96cd,anta-trinayanam viddhi siddhāntan nāma nāmataḥ |
0.4,1.4cd,anādimadhyanidhanam śivāṅgadhyānam amṛtam |,1.18cd,anāmayam anidhanam anādimadhyamāntikam |
0.4,1.18ab,svacchaṁ sūkṣmaṁ paraṁ śūnyam śivaṅ kaivalyam acyutam ||,5.11ab,dhyāyet mano mahāśūnyam śivaṅ kaivalyam acyutam ||
0.3968253968253968,3.44ab,pṛthivī salilañ cāgniḥ bāyur ākāśakam manaḥ ||,4.14cd,pṛthivy āpaḥ tathā vahniḥ bāyur ākāśaka-m-manaḥ |
0.39344262295081966,2.18ab,kāṣṭhe kāṣṭhe yathā bahniḥ sūkṣmatvān nopalabhyate ||,2.18cd,bhūte bhūte mahādevaḥ sūkṣmatvān nopalabhyate |
0.39285714285714285,4.33cd,anādimadhyanidhanaḥ sarve garuḍavāhanaḥ |,4.40ab,anādimadhyanidhanam sarvajñānañ ca vedinaḥ ||
0.3898305084745763,3.21ab,antadvīpaṁ samudraś ca antaparvatasaṅgamaḥ ||,4.16cd,saptadvīpaṁ samudrañ ca mahāntaḥ saptaparvatāḥ |
0.3898305084745763,3.20ab,+saptadvīpaṁ samudrañ ca mahāntaḥ saptaparvatāḥ|+ ||,3.21ab,antadvīpaṁ samudraś ca antaparvatasaṅgamaḥ ||
0.38095238095238093,4.14cd,pṛthivy āpaḥ tathā vahniḥ bāyur ākāśaka-m-manaḥ |,4.76ab,pṛthivī salilan tejaḥ bāyur ākāśakam manaḥ ||
0.3793103448275862,11.94cd,anta-svarga iti proktaḥ siddhāntan nāma nāmataḥ |,11.96cd,anta-trinayanam viddhi siddhāntan nāma nāmataḥ |
0.37735849056603776,11.53ab,sarvavarṇāni rūpāṇi saṅsārāni pṛthak pṛthak ||,11.54ab,jyotirūpāṇi sarvāni siddhāntāni pṛthak pṛthak ||
0.3770491803278688,8.10ab,idaṁ jñānam mahādevi sarvatattvaviśeṣitam ||,11.33ab,evaṁ jñānam mahādevi na prakāśati tattvavit ||
0.375,9.20cd,mantrāṇām uttamaṅ kiñ ca kūṭānām uttamañ ca kim |,9.23cd,mantrānām uttamaṅ kūṭam kūṭānāṁ praṇavaṁ param |
0.375,7.3ab,buddhir ahaṅkāro manaḥ sthitir eva nigadyate ||,7.4ab,emahaṅkāro mano buddhiḥ pralīnañ ca nigadyate ||
0.375,4.36cd,garbhajanmajarāhīnaḥ janmakleśavivarjitaḥ |,4.47ab,janmamṛtyujarāhīnaḥ vyādhiśokavivarjitaḥ ||
0.375,3.32ab,sparśatanmātrato bāyuḥ sa tvaksukham ajījanat ||,3.33ab,rūpatanmātrato vahniḥ cakṣuḥsukham ajījanat ||
0.375,1.10ab,acalaś cālayet sarvam jagatsthāvarajaṅgamam ||,4.17cd,tato bhūtam idaṁ sarve jagat sthāvarajaṅgamam |
0.373134328358209,3.13cd,etat bhūtvā śarīrākhyam bhautikā nābhir ucyate |,3.43cd,etatyuktañ śarīrākhyam bhautikaṁ tv abhidhīyate |
0.3709677419354839,9.1cd,bhāṣitāni vidhānāni yo jñātvā na punarbhavaḥ |,9.2cd,bhāṣitāni purānyeṣām prāpyate na punarbhavaḥ |
0.3709677419354839,3.82ab,māyāmātram idaṁ rūpam jagatsthāvarajaṅgamam ||,11.62ab,brahmādisakalam viśvam jagatsthāvarajaṅgamam ||
0.3709677419354839,1.10ab,acalaś cālayet sarvam jagatsthāvarajaṅgamam ||,3.82ab,māyāmātram idaṁ rūpam jagatsthāvarajaṅgamam ||
0.36666666666666664,8.10ab,idaṁ jñānam mahādevi sarvatattvaviśeṣitam ||,11.45ab,idaṁ jñānam mahādevi siddhāntan nāma nāmataḥ ||
0.36538461538461536,11.52cd,evam etāni rūpāṇi saṅśayāni pṛthak pṛthak |,11.54ab,jyotirūpāṇi sarvāni siddhāntāni pṛthak pṛthak ||
0.36538461538461536,1.20ab,etat paramanirbāṇam etat kevalaśāntikam ||,11.81ab,etat paramanirbāṇam aṣṭāni ca guṇāni ca ||
0.36363636363636365,1.20cd,paramātmā mahādevam parameśvarasaṁjñakam |,4.53ab,amāso na saṁbatsāram parameśvarasaṅjñakam ||
0.3620689655172414,11.91cd,antaṁ śivam iti proktam praṇavam ekam eva ca |,11.92cd,anta-śira iti proktam praṇavañ ca nigadyate |
0.36065573770491804,3.33ab,rūpatanmātrato vahniḥ cakṣuḥsukham ajījanat ||,3.34ab,rasatanmātrataḥ toyam jihvāsukham ajījanat ||
0.36,2.6ab,akāran nirmalaṁ śūnyam śivaṁ param anāmayam ||,4.49cd,akāraṁ paramaṁ śūnyam ukāram paramaṁ padam |
0.3508771929824561,5.1ab,bhagavan devadeveśa nivṛtto bhavajanmani ||,9.19ab,bhagavan devadeveśa mama katha vṛṣadhvaja ||
0.35,4.41ab,garbhajanmajarāhīnaḥ kleśasaṅghavivarjitaḥ ||,4.47ab,janmamṛtyujarāhīnaḥ vyādhiśokavivarjitaḥ ||
0.3492063492063492,3.32ab,sparśatanmātrato bāyuḥ sa tvaksukham ajījanat ||,3.34ab,rasatanmātrataḥ toyam jihvāsukham ajījanat ||
0.3492063492063492,11.94cd,anta-svarga iti proktaḥ siddhāntan nāma nāmataḥ |,11.97cd,antam vā kārṇamadhyasthe siddhāntan nāma nāmataḥ |
0.3484848484848485,4.64ab,tato daśaguṇaṁ vindyāt lavaṇodam pramāṇataḥ ||,4.67ab,tato daśaguṇaṁ vindyāt tathā vai ’kṣu-ca sāgaraḥ ||
0.3484848484848485,11.93cd,antañ ca svar iti tattvam siddhāntan nāma nāmataḥ |,11.97cd,antam vā kārṇamadhyasthe siddhāntan nāma nāmataḥ |
0.34782608695652173,4.23ab,prakṛteḥ buddhir utpannam brahmā tatrādhidevataḥ ||,4.24ab,ahaṅkārotpannaṁ buddheḥ rudras tatrādhidevataḥ ||
0.33962264150943394,9.2ab,maṇḍalāni mam uktāni sarvadevasamānvitaḥ ||,11.57cd,maṇḍalāni rahasyāni sarvadevamayāni ca |
0.3389830508474576,1.4cd,anādimadhyanidhanam śivāṅgadhyānam amṛtam |,4.40ab,anādimadhyanidhanam sarvajñānañ ca vedinaḥ ||
0.3384615384615385,11.36cd,idaṁ jñānañ ca siddhāntam jñātvā devi vicakṣaṇaḥ |,11.45ab,idaṁ jñānam mahādevi siddhāntan nāma nāmataḥ ||
0.3333333333333333,9.3ab,mudrārcaṇāni sarvāni prayogavidhitāni ca ||,11.57ab,hasitādividhin devi prayogavividhāni ca ||
0.3333333333333333,7.2cd,brahmā viṣṇu-śivaś caiva utpattiś ca nigadyate |,7.3cd,śivo brahmāpi viṣṇuś ca sthitir evan nigadyate |
0.3333333333333333,5.21ab,tato nirbāṇam ādhikyam nirbāṇam paramaṁ padam ||,5.37ab,nirbāṇam paramaṁ dhyātvā saṁśuddhaṁ padam āpnuyāt ||
0.3333333333333333,4.12ab,prājāpatyaṁ mahālokam janalokan tu vaiṣṇavam ||,4.57ab,tejoguṇan tu vaiṣṇavyam janaloka-param padam ||
0.3333333333333333,2.13ab,śivaṁ paramanirbāṇam śūnyāśūnyātiśūnyakam ||,5.29ef,sarvaṁ tyaktaṁ paraṁ śūnyam nirbāṇam paramaṁ brajet ||
0.3333333333333333,11.88ab,siddhaṁ rudra iti proktam anta-devo sadāśivam ||,11.89ab,siddhaṅ kriyā iti proktam antaṁ jñānam iti smṛtam ||
0.3333333333333333,11.26cd,nāsikāgre vibhūtañ ca bāyubhūtas sadāśivaḥ |,11.31ab,etat jñānam mahādevi bāyubhūtas sadāśivaḥ ||
0.3333333333333333,1.20ab,etat paramanirbāṇam etat kevalaśāntikam ||,4.52ab,etat śūnyapadaṁ vindyāt etat paramaśāntikam ||
0.3283582089552239,3.31ab,śabdatanmātrato vyomaḥ śrotaṁsaukhyam ajījanat ||,3.33ab,rūpatanmātrato vahniḥ cakṣuḥsukham ajījanat ||
0.328125,11.75ab,akṣaraṁ jñānasiddhāntam saptadhā bhedalakṣaṇam ||,11.77ab,evam akṣarasiddhāntam saptalokaṁ prakīrtitam ||
0.328125,11.45ab,idaṁ jñānam mahādevi siddhāntan nāma nāmataḥ ||,11.97cd,antam vā kārṇamadhyasthe siddhāntan nāma nāmataḥ |
0.32786885245901637,9.1ab,jyotirūpāṇi sarvāni śuddhajñānaṁ tu niṣkalam ||,11.54ab,jyotirūpāṇi sarvāni siddhāntāni pṛthak pṛthak ||
0.32786885245901637,3.32cd,spṛṣṭavyam adhibhūtañ ca ākāśam adhidevatam |,3.38cd,vaktavyam adhibhūtañ ca devadevasya sambhavaḥ |
0.3230769230769231,7.2ab,mano buddhir ahaṅkāraḥ utpattiś ca nigadyate ||,7.2cd,brahmā viṣṇu-śivaś caiva utpattiś ca nigadyate |
0.3230769230769231,4.65cd,tato daśaguṇaṁ caivam samudran dadhi-saṅsmṛtaḥ |,4.68cd,tato daśaguṇaṁ caivam puṣkaradvīpam ārabhet |
0.3230769230769231,4.64ab,tato daśaguṇaṁ vindyāt lavaṇodam pramāṇataḥ ||,4.65ab,tato daśaguṇam vindyāt kuśadvīpāntaram mayaṁ ||
0.3230769230769231,3.31ab,śabdatanmātrato vyomaḥ śrotaṁsaukhyam ajījanat ||,3.34ab,rasatanmātrataḥ toyam jihvāsukham ajījanat ||
0.3230769230769231,11.72cd,brahmā sadāśive līne jñānati paramārthavit |,11.74cd,etat siddhāntatattvañ ca jñānati paramārthavit |
0.3230769230769231,11.45ab,idaṁ jñānam mahādevi siddhāntan nāma nāmataḥ ||,11.93cd,antañ ca svar iti tattvam siddhāntan nāma nāmataḥ |
0.3225806451612903,11.45ab,idaṁ jñānam mahādevi siddhāntan nāma nāmataḥ ||,11.94cd,anta-svarga iti proktaḥ siddhāntan nāma nāmataḥ |
0.3225806451612903,1.8cd,sahṛdantacarā bhinnā nīlāñjanasamaprabham |,1.25cd,asitavarṇa-m-ity uktam nīlāñjanasamaprabham |
0.32142857142857145,11.52cd,evam etāni rūpāṇi saṅśayāni pṛthak pṛthak |,11.54ef,evam etāni rūpāṇi na sandeho ’pi mānasaḥ ||
0.32,1.1cd,devadeva mahādeva parameśvara śaṅkara |,1.20cd,paramātmā mahādevam parameśvarasaṁjñakam |
0.3188405797101449,3.71cd,yāvad utpatti-bhagavān tattvaṁ tiṣṭhanti nityaśaḥ |,3.74ab,yāvad rakṣati tatsarvam tāvat tiṣṭhati nityaśaḥ ||
0.31666666666666665,5.21ab,tato nirbāṇam ādhikyam nirbāṇam paramaṁ padam ||,5.29ef,sarvaṁ tyaktaṁ paraṁ śūnyam nirbāṇam paramaṁ brajet ||
0.31666666666666665,3.3cd,tatas tejas idam āsīt raktavarṇa-rajomayam |,3.4ab,tatas taijasā evāsīt kṛṣṇavarṇa-tamomayam ||
0.31666666666666665,11.64cd,paramātmā nāsike ca praṇavaṁ bhedalakṣaṇam |,11.87ab,evam akṣarasiddhāntam praṇavam bhedalakṣaṇam ||
0.3157894736842105,4.37ab,aṣṭaiśvaryaguṇopetaḥ aṣṭaguṇāmitaprabhaḥ ||,5.43ab,sarvaiśvaryaguṇopetaḥ ayutādityatejasaḥ ||
0.3157894736842105,1.18cd,anāmayam anidhanam anādimadhyamāntikam |,4.40ab,anādimadhyanidhanam sarvajñānañ ca vedinaḥ ||
0.3125,9.20ab,arcaṇaṅ kiṁ paraṁ śreṣṭham mudrānām uttamañ ca kim ||,9.20cd,mantrāṇām uttamaṅ kiñ ca kūṭānām uttamañ ca kim |
0.3125,4.49cd,akāraṁ paramaṁ śūnyam ukāram paramaṁ padam |,5.21ab,tato nirbāṇam ādhikyam nirbāṇam paramaṁ padam ||
0.3114754098360656,6.4cd,jñānam vāpi na vindeta aho māyāvimohitaḥ |,11.31cd,yo vijñānati tattve na mama māyāvimohitaḥ |
0.3103448275862069,9.38cd,rudrakālaśivo nāma sakalan niṣkalan tathā |,11.47ab,evaṁ jñātvā mahādevi sakalan niṣkalan tathā ||
0.3103448275862069,5.21ab,tato nirbāṇam ādhikyam nirbāṇam paramaṁ padam ||,5.46cd,tatra nirbāṇam icchanti nirānandam idaṁ param |
0.3090909090909091,4.49cd,akāraṁ paramaṁ śūnyam ukāram paramaṁ padam |,5.29ef,sarvaṁ tyaktaṁ paraṁ śūnyam nirbāṇam paramaṁ brajet ||
0.3090909090909091,3.82cd,śivātmā bhavate sarve śivatattve pralīyate |,3.83cd,yathā sambhavate sarvam tathā bhavati līyate |
0.3088235294117647,7.6ab,oṅkāraṁ rudram ity uktam umā svāhā tathaiva ca ||,7.22ab,brahmā oṅkāra-sāvitrī svāhā patnī tathaiva ca ||
0.3088235294117647,7.4ab,emahaṅkāro mano buddhiḥ pralīnañ ca nigadyate ||,7.4cd,brahmā viṣṇu śivaś caiva pralīnañ ca nigadyate |
0.3088235294117647,1.28ab,paraṁ brahma mahāsūkṣmam śāntaṁ paramanirmalam ||,5.36ab,naivāsaddhī param brahma oṁkāraṁ śūnyanirmalam ||
0.3076923076923077,3.65ab,he deva mahāsūkṣma ca uktas tatrādhidevataḥ ||,4.25ab,pañcāṅgañ caiva mātrāni ugras tatrādhidevataḥ ||
0.3064516129032258,2.16cd,pañcasthānam eva tiryak śiva-m-eko ’dhitiṣṭhati |,3.69ab,teṣu sarveṣu sattveṣu śiva eko ’dhitiṣṭhati ||
0.3064516129032258,11.25ab,vindudvayaṁ paraṁ vidvān nāsikāgre sadāśivam ||,11.32ab,parimāṇaṁ mahādevi nāsikāgre sadāśivaḥ ||
0.3055555555555556,3.45cd,hṛdayādyāś ca vai sarvam pṛthivī pañcadhā smṛtaḥ |,3.52cd,pāyūpasthe sthito sarvam ākāśaḥ pañcadhā smṛtaḥ |
0.3050847457627119,11.30ab,strīyo vā puruṣo vāpi viyogayoga-m-eva ca ||,11.59ab,strīyo vā brāhmaṇo vāpi kṣatriyo vaiśya eva ca ||
0.30434782608695654,7.3cd,śivo brahmāpi viṣṇuś ca sthitir evan nigadyate |,7.4cd,brahmā viṣṇu śivaś caiva pralīnañ ca nigadyate |
0.30357142857142855,9.47ab,candre pralīyate viśvam candraḥ vindau pralīyate ||,11.72ab,viṣṇau pralīyate rudraḥ viṣṇuḥ brahmā-pralīyate ||
0.30357142857142855,1.4cd,anādimadhyanidhanam śivāṅgadhyānam amṛtam |,4.33cd,anādimadhyanidhanaḥ sarve garuḍavāhanaḥ |
0.30303030303030304,1.10ab,acalaś cālayet sarvam jagatsthāvarajaṅgamam ||,7.27cd,rudras saṅhārako loke jagatsthāvarajaṅgamaḥ |
0.3018867924528302,4.50ab,makāram paramaṁ divyam tatlīnaṁ paramam padam ||,5.21ab,tato nirbāṇam ādhikyam nirbāṇam paramaṁ padam ||
0.3018867924528302,1.18cd,anāmayam anidhanam anādimadhyamāntikam |,4.33cd,anādimadhyanidhanaḥ sarve garuḍavāhanaḥ |
0.3,3.31ab,śabdatanmātrato vyomaḥ śrotaṁsaukhyam ajījanat ||,3.32ab,sparśatanmātrato bāyuḥ sa tvaksukham ajījanat ||
0.3,11.4ab,akāraṁ pratichedañ ca ukārañ chedam eva ca ||,11.4cd,makāra pratichedañ ca etat kārya-kathaṁ bhavet |
0.2982456140350877,11.70ab,pittaṁ śivañ ca paramam hṛdayañ ca sadāśivam ||,11.73ab,sadāśivañ ca līnañ ca śive paramasaṅjñake ||
0.296875,2.6ab,akāran nirmalaṁ śūnyam śivaṁ param anāmayam ||,4.35ab,bhārūpaṁ nirmalaṁ śūnyam niścalaṁ pañcato ’bhayam ||
0.29508196721311475,3.83ab,yathotthaṁ mad iti sarvam jagat tathā pralīyate ||,3.83cd,yathā sambhavate sarvam tathā bhavati līyate |
0.29508196721311475,3.78ab,ātmā viṣṇur iti jñeyaḥ antarātma-pitāmahāḥ ||,3.80cd,sarvadevamanosthānam antarātma-pitāmahāḥ |
0.29508196721311475,2.11ab,sūkṣmam atyanta-paramam padaṁ viśvanyasottamam ||,4.10ab,oṁkāram atyantapadam ūrdhvātyūrdhvākṣaram param ||
0.29411764705882354,5.12ab,kvādhicittaṁ praśāntaṁ syāt śūnyam atyantaniṣkalam ||,5.41cd,evan nirbāṇam ādhikyam śūnyam atyantanirmalam |
0.29411764705882354,4.17cd,tato bhūtam idaṁ sarve jagat sthāvarajaṅgamam |,11.62ab,brahmādisakalam viśvam jagatsthāvarajaṅgamam ||
0.29411764705882354,3.35cd,pṛthivī devataḥ tasya ghrātavyam adhibhūtakam |,3.38cd,vaktavyam adhibhūtañ ca devadevasya sambhavaḥ |
0.2923076923076923,4.66cd,tato daśaguṇaṁ proktam śālmalīdvīpam ucyate |,4.68cd,tato daśaguṇaṁ caivam puṣkaradvīpam ārabhet |
0.2923076923076923,4.10ab,oṁkāram atyantapadam ūrdhvātyūrdhvākṣaram param ||,4.47cd,brahmamantrāvayavākhyam ūrdhvātyūrdhvataraṁ padam |
0.2923076923076923,3.72ab,tattvāni saṅharet bhūyaḥ līyante tattvake punaḥ ||,3.73ab,tattvaṁ tiṣṭhanti te sarve tattvaṁ līyati te punaḥ ||
0.2909090909090909,1.20cd,paramātmā mahādevam parameśvarasaṁjñakam |,3.78cd,paramātmā mahādevo nirātmā śiva ucyate |
0.2903225806451613,2.9ab,acintya-manasāgrāhyam śivaṅ kaivalyam ādhikam ||,2.17cd,acintyam manasāgrāhyam naindriyam parigṛhyate |
0.2898550724637681,4.65ab,tato daśaguṇam vindyāt kuśadvīpāntaram mayaṁ ||,4.67ab,tato daśaguṇaṁ vindyāt tathā vai ’kṣu-ca sāgaraḥ ||
0.288135593220339,5.21ab,tato nirbāṇam ādhikyam nirbāṇam paramaṁ padam ||,5.41cd,evan nirbāṇam ādhikyam śūnyam atyantanirmalam |
0.288135593220339,2.6ab,akāran nirmalaṁ śūnyam śivaṁ param anāmayam ||,2.13ab,śivaṁ paramanirbāṇam śūnyāśūnyātiśūnyakam ||
0.2878787878787879,3.82ab,māyāmātram idaṁ rūpam jagatsthāvarajaṅgamam ||,7.27cd,rudras saṅhārako loke jagatsthāvarajaṅgamaḥ |
0.2878787878787879,2.11cd,śivam anādimadhyāntam kapālābhyantare sthitam |,2.12ab,śivaṁ nirbāṇa-śuddhan tam kapālavivare sthitam ||
0.2878787878787879,11.52ab,brāhmaṇa-kṣatriyaś caiva vaiśya-śūdras tathaiva ca ||,11.59ab,strīyo vā brāhmaṇo vāpi kṣatriyo vaiśya eva ca ||
0.2857142857142857,2.15ab,tathā jñātvā mahādevaḥ vyāpī sarvaśarīriṣu ||,11.47ab,evaṁ jñātvā mahādevi sakalan niṣkalan tathā ||
0.2857142857142857,11.73ab,sadāśivañ ca līnañ ca śive paramasaṅjñake ||,11.87cd,siddhaṁ sadāśivam proktam antaṁ paramasaṅjñakam |
0.2857142857142857,1.20ab,etat paramanirbāṇam etat kevalaśāntikam ||,2.13ab,śivaṁ paramanirbāṇam śūnyāśūnyātiśūnyakam ||
0.2835820895522388,7.27cd,rudras saṅhārako loke jagatsthāvarajaṅgamaḥ |,11.62ab,brahmādisakalam viśvam jagatsthāvarajaṅgamam ||
0.2835820895522388,2.6ab,akāran nirmalaṁ śūnyam śivaṁ param anāmayam ||,5.36ab,naivāsaddhī param brahma oṁkāraṁ śūnyanirmalam ||
0.2833333333333333,4.37ab,aṣṭaiśvaryaguṇopetaḥ aṣṭaguṇāmitaprabhaḥ ||,4.45cd,pañcaiśvaryaguṇopetaḥ jaṭādhāraṇanidhiyaḥ |
0.2833333333333333,11.26cd,nāsikāgre vibhūtañ ca bāyubhūtas sadāśivaḥ |,11.32ab,parimāṇaṁ mahādevi nāsikāgre sadāśivaḥ ||
0.28125,3.35ab,gandhatanmātrato bhūmiḥ ghrāṇasukham utpādayet ||,3.42ab,gandhatanmātrato pādau gamanāgamanātmataḥ ||
0.28125,11.78cd,dakāraḥ svar iti khyātam mahālokaṁ dhakārakaḥ |,11.93ab,sikāraṁ bhūr iti khyātam ddhakāraṁ bhuva eva ca ||
0.28125,11.45ab,idaṁ jñānam mahādevi siddhāntan nāma nāmataḥ ||,11.46ab,puruṣo ’ham mahādevi svasiddhāntabhavāntare ||
0.28,3.28cd,yad etat maṇḍalaṁ śakraḥ bhautikān tu ’bhidhīyate |,3.43cd,etatyuktañ śarīrākhyam bhautikaṁ tv abhidhīyate |
0.27941176470588236,10.8cd,vṛkṣamūle śilātale prāṇan tyajanti yogavit |,10.9cd,guhe sthale ca nūṣe ’pi prāṇaṁ tyajati yogavit |
0.2786885245901639,4.8ab,etat jñātvā mahāyogī prayāti paramaṁ padam ||,4.52cd,etat paramakaivalyam etat maheśvaraṁ padam |
0.27692307692307694,9.3cd,kurvanti satataṁ jñānam prāpyante paramaṁ śivam |,9.8cd,jñānavijñānakaṁ sarvam kurvanti satatan narāḥ |
0.27692307692307694,3.32cd,spṛṣṭavyam adhibhūtañ ca ākāśam adhidevatam |,3.35cd,pṛthivī devataḥ tasya ghrātavyam adhibhūtakam |
0.27692307692307694,3.21cd,rasātalagatas saptaḥ bhūḥlokam iti saṅjñikam |,4.16ab,ākāśaṁ manas evedam svarlokam iti saṅjñikam ||
0.27692307692307694,2.7cd,tālukānte nirānandam ukāraṁ sannidhāpayet |,2.13cd,śivadvāran nyaset vīra oṁkāraṁ sannidhāpayet |
0.2753623188405797,9.20ab,arcaṇaṅ kiṁ paraṁ śreṣṭham mudrānām uttamañ ca kim ||,9.23ab,arcaṇāt paramaṁ mudrā mudrāṇāṁ mantram uttamam ||
0.2753623188405797,4.17cd,tato bhūtam idaṁ sarve jagat sthāvarajaṅgamam |,7.27cd,rudras saṅhārako loke jagatsthāvarajaṅgamaḥ |
0.2753623188405797,11.74ab,ācāraś ca kriyāśaktiḥ śīla-jñānaṁ prakīrtitam ||,11.86cd,ācārañ ca bratam idam śīla-dharmaḥ prakīrtitaḥ |
0.27450980392156865,4.49cd,akāraṁ paramaṁ śūnyam ukāram paramaṁ padam |,4.52cd,etat paramakaivalyam etat maheśvaraṁ padam |
0.27419354838709675,4.41cd,aṣṭaiśvaryaguṇopetaḥ cākarāmitasuprabhaḥ |,5.43ab,sarvaiśvaryaguṇopetaḥ ayutādityatejasaḥ ||
0.27419354838709675,4.13ab,aṣṭaśivañ ca paramam tad ekatattvam ācalam ||,11.70ab,pittaṁ śivañ ca paramam hṛdayañ ca sadāśivam ||
0.27419354838709675,11.31ab,etat jñānam mahādevi bāyubhūtas sadāśivaḥ ||,11.32ab,parimāṇaṁ mahādevi nāsikāgre sadāśivaḥ ||
0.27419354838709675,1.4cd,anādimadhyanidhanam śivāṅgadhyānam amṛtam |,2.11cd,śivam anādimadhyāntam kapālābhyantare sthitam |
0.273972602739726,11.35cd,dehi jñānañ ca siddhāntam pañcapade dhane prati |,11.36cd,idaṁ jñānañ ca siddhāntam jñātvā devi vicakṣaṇaḥ |
0.2727272727272727,8.7cd,sakalaniṣkalam bhasmam vidyate na punarbhavaḥ |,9.2cd,bhāṣitāni purānyeṣām prāpyate na punarbhavaḥ |
0.2727272727272727,3.61ab,vibhāgatveva tanmātram ugradevo ’bhitṛptyate ||,3.63cd,adhidevo mahādevaḥ kāraṇatve ’bhitṛptyate |
0.2727272727272727,3.30ab,mānaso me ’dhidevataḥ pañcatanmātra-jāyate ||,3.39ab,sparśatanmātrato jātaḥ pāṇir indro ’dhidevataḥ ||
0.2727272727272727,3.18cd,śarīrasya pramāṇatvam tattvaṁ śarīriṇām brajet |,5.53cd,bhuvanasya śarīrasya yo jñātvā sa śivam brajet |
0.2714285714285714,7.3ab,buddhir ahaṅkāro manaḥ sthitir eva nigadyate ||,7.3cd,śivo brahmāpi viṣṇuś ca sthitir evan nigadyate |
0.2714285714285714,4.42cd,durjñeyaṁ durvicintyañ ca śūnyaṁ paramanirmalam |,5.22ab,sarvaiśvaryaśūnyam idam śuddhaṁ paramanirmalam ||
0.2714285714285714,11.87cd,siddhaṁ sadāśivam proktam antaṁ paramasaṅjñakam |,11.89ab,siddhaṅ kriyā iti proktam antaṁ jñānam iti smṛtam ||
0.2714285714285714,11.36cd,idaṁ jñānañ ca siddhāntam jñātvā devi vicakṣaṇaḥ |,11.75ab,akṣaraṁ jñānasiddhāntam saptadhā bhedalakṣaṇam ||
0.2698412698412698,4.45cd,pañcaiśvaryaguṇopetaḥ jaṭādhāraṇanidhiyaḥ |,5.43ab,sarvaiśvaryaguṇopetaḥ ayutādityatejasaḥ ||
0.26865671641791045,3.43cd,etatyuktañ śarīrākhyam bhautikaṁ tv abhidhīyate |,4.2cd,etat bhūtaśarīrākhyam śarīraniṣṭha-r-ucyate |
0.26865671641791045,2.6ab,akāran nirmalaṁ śūnyam śivaṁ param anāmayam ||,5.22ab,sarvaiśvaryaśūnyam idam śuddhaṁ paramanirmalam ||
0.26785714285714285,4.50ab,makāram paramaṁ divyam tatlīnaṁ paramam padam ||,4.52cd,etat paramakaivalyam etat maheśvaraṁ padam |
0.26785714285714285,2.13ab,śivaṁ paramanirbāṇam śūnyāśūnyātiśūnyakam ||,5.21ab,tato nirbāṇam ādhikyam nirbāṇam paramaṁ padam ||
0.265625,9.23ab,arcaṇāt paramaṁ mudrā mudrāṇāṁ mantram uttamam ||,9.23cd,mantrānām uttamaṅ kūṭam kūṭānāṁ praṇavaṁ param |
0.265625,4.41cd,aṣṭaiśvaryaguṇopetaḥ cākarāmitasuprabhaḥ |,4.45cd,pañcaiśvaryaguṇopetaḥ jaṭādhāraṇanidhiyaḥ |
0.265625,2.6ab,akāran nirmalaṁ śūnyam śivaṁ param anāmayam ||,5.41cd,evan nirbāṇam ādhikyam śūnyam atyantanirmalam |
0.265625,1.19cd,aṣṭaśivasya nirmālyam paran nirbāṇam avyayam |,2.12cd,kapālāntātivikṣepam paran nirbāṇam acyutam |
0.2653061224489796,4.49cd,akāraṁ paramaṁ śūnyam ukāram paramaṁ padam |,4.60cd,ṣaḍvidhām paramam ekam ukṣoviḥ paramam padam |
0.2647058823529412,4.8cd,bhūr bhuvaḥ svaḥ iti khyātam pradhānādi-nigadyate |,11.93ab,sikāraṁ bhūr iti khyātam ddhakāraṁ bhuva eva ca ||
0.2647058823529412,3.22cd,śanaiścaras tathā rāhuḥ dhūmaketus tathaiva ca |,7.8cd,umā jvālam mahādīptam dhūma-rudras tathaiva ca |
0.2638888888888889,9.20ab,arcaṇaṅ kiṁ paraṁ śreṣṭham mudrānām uttamañ ca kim ||,9.23cd,mantrānām uttamaṅ kūṭam kūṭānāṁ praṇavaṁ param |
0.2638888888888889,2.1ab,bhūr bhuvaḥ svaḥ iti tattvam bhautikaṁ bhuvanatrayam ||,4.8cd,bhūr bhuvaḥ svaḥ iti khyātam pradhānādi-nigadyate |
0.26153846153846155,8.10ab,idaṁ jñānam mahādevi sarvatattvaviśeṣitam ||,11.31ab,etat jñānam mahādevi bāyubhūtas sadāśivaḥ ||
0.26153846153846155,11.88ab,siddhaṁ rudra iti proktam anta-devo sadāśivam ||,11.91cd,antaṁ śivam iti proktam praṇavam ekam eva ca |
0.26153846153846155,11.33ab,evaṁ jñānam mahādevi na prakāśati tattvavit ||,11.47ab,evaṁ jñātvā mahādevi sakalan niṣkalan tathā ||
0.2608695652173913,3.71cd,yāvad utpatti-bhagavān tattvaṁ tiṣṭhanti nityaśaḥ |,3.73ab,tattvaṁ tiṣṭhanti te sarve tattvaṁ līyati te punaḥ ||
0.2608695652173913,3.71ab,tattvaṁ tiṣṭhanti te sarve tattvaṁ vāhyanti te punaḥ ||,3.71cd,yāvad utpatti-bhagavān tattvaṁ tiṣṭhanti nityaśaḥ |
0.2608695652173913,2.8cd,śivatamo makāraś ca bhrūmadhye sannidhāpayet |,2.13cd,śivadvāran nyaset vīra oṁkāraṁ sannidhāpayet |
0.2608695652173913,2.6ab,akāran nirmalaṁ śūnyam śivaṁ param anāmayam ||,2.7ab,atyantanirmalañ chūnyam dhruvaṁ śivataran tathā ||
0.2608695652173913,2.5ab,satyalokan tathā rudraḥ brahma jīvam anādhikam ||,4.12cd,tapolokam brahmapadam satyalokan tu śaṅkaram |
0.2602739726027397,7.8ab,hutāśanañ ca oṅkāram kāṣṭhaṁ brahmākṣaran tathā ||,7.9ab,vījam brahmākṣaraṁ sarvam vahnir oṅkāram eva ca ||
0.2602739726027397,5.6ab,tataś caturguṇan toyam gandhasparśaś ca lakṣaṇam ||,5.8ab,dvimātro bāyur evoktam sparśaśabdaś ca lakṣaṇam ||
0.25862068965517243,4.35cd,tatvījaṁ puruṣo divyam sūkṣmaṁ sūkṣmataraṁ param |,4.50ab,makāram paramaṁ divyam tatlīnaṁ paramam padam ||
0.25862068965517243,1.20ab,etat paramanirbāṇam etat kevalaśāntikam ||,4.52cd,etat paramakaivalyam etat maheśvaraṁ padam |
0.25757575757575757,3.18ab,etat pañcapadaṁ proktam bhuvanasya pramāṇataḥ ||,4.48cd,tadaṇḍasya pramāṇatvam dehasya paramaṅ gataḥ |
0.25757575757575757,2.9ab,acintya-manasāgrāhyam śivaṅ kaivalyam ādhikam ||,5.11ab,dhyāyet mano mahāśūnyam śivaṅ kaivalyam acyutam ||
0.25757575757575757,11.70ab,pittaṁ śivañ ca paramam hṛdayañ ca sadāśivam ||,11.87cd,siddhaṁ sadāśivam proktam antaṁ paramasaṅjñakam |
0.2571428571428571,1.28ab,paraṁ brahma mahāsūkṣmam śāntaṁ paramanirmalam ||,5.22ab,sarvaiśvaryaśūnyam idam śuddhaṁ paramanirmalam ||
0.2571428571428571,1.28ab,paraṁ brahma mahāsūkṣmam śāntaṁ paramanirmalam ||,3.17cd,brahmādiparameśāntam śuddhaṁ sūkṣmam anāśravam |
0.2571428571428571,1.18ab,svacchaṁ sūkṣmaṁ paraṁ śūnyam śivaṅ kaivalyam acyutam ||,2.6ab,akāran nirmalaṁ śūnyam śivaṁ param anāmayam ||
0.25675675675675674,2.1ab,bhūr bhuvaḥ svaḥ iti tattvam bhautikaṁ bhuvanatrayam ||,4.56ab,bhūmeḥ guṇan tribhuvanam bhautikaṁ śakramaṇḍalam ||
0.2549019607843137,2.13ab,śivaṁ paramanirbāṇam śūnyāśūnyātiśūnyakam ||,4.49cd,akāraṁ paramaṁ śūnyam ukāram paramaṁ padam |
0.2545454545454545,3.54cd,yatra yatra samutpannam tatra tatrādhigacchati |,5.19ab,yatra yatra samudīkṣya tatra tatraiva labhyate ||
0.2542372881355932,4.49cd,akāraṁ paramaṁ śūnyam ukāram paramaṁ padam |,5.36ab,naivāsaddhī param brahma oṁkāraṁ śūnyanirmalam ||
0.2542372881355932,3.12ab,kaṭhinaḥ sarvato bhūmiḥ dravatvaṁ sarvato jalam ||,3.12cd,uṣṇatvaṁ sarvato bahniḥ calatvaṁ sarvato ’nilaḥ |
0.2542372881355932,1.18cd,anāmayam anidhanam anādimadhyamāntikam |,11.73cd,sthānam pañcavidhan devi evam ekam anāmayam |
0.25396825396825395,11.93ab,sikāraṁ bhūr iti khyātam ddhakāraṁ bhuva eva ca ||,11.94ab,sikāro pṛthivī jñeyaḥ ddhakāro ’kāśa eva ca ||
0.2537313432835821,7.6cd,u svāhā brahmā oṅkāram svāhāpati-japed vudhaḥ |,7.22ab,brahmā oṅkāra-sāvitrī svāhā patnī tathaiva ca ||
0.2537313432835821,4.64cd,tato daśaguṇam śaṅkaṁ kṣīrodan taddaśaṁ tathā |,4.66ab,tato daśaguṇaḥ krauñcaḥ ghṛtodadhyāgatas tathā ||
0.2537313432835821,4.55cd,viyatguṇaṁ manaś caiva ṣaḍvidham padam ucyate |,4.56cd,apsuguṇaṁ prajāpatyam gauṇikam padam ucyate |
0.2537313432835821,4.34cd,tataḥ paraṁ mahāsūkṣmam tapolokam anāmayam |,4.42ab,ataḥ parama-sūkṣmatvāt viśeṣāl lokam acyutam ||
0.2537313432835821,3.71ab,tattvaṁ tiṣṭhanti te sarve tattvaṁ vāhyanti te punaḥ ||,3.72ab,tattvāni saṅharet bhūyaḥ līyante tattvake punaḥ ||
0.2537313432835821,3.32cd,spṛṣṭavyam adhibhūtañ ca ākāśam adhidevatam |,4.25cd,vibhājyam adhibhūtañ ca śivatvan te prakīrtitaḥ |
0.2537313432835821,11.33ab,evaṁ jñānam mahādevi na prakāśati tattvavit ||,11.45ab,idaṁ jñānam mahādevi siddhāntan nāma nāmataḥ ||
0.2537313432835821,1.28ab,paraṁ brahma mahāsūkṣmam śāntaṁ paramanirmalam ||,4.34cd,tataḥ paraṁ mahāsūkṣmam tapolokam anāmayam |
0.2535211267605634,7.6ab,oṅkāraṁ rudram ity uktam umā svāhā tathaiva ca ||,7.8cd,umā jvālam mahādīptam dhūma-rudras tathaiva ca |
0.2535211267605634,6.2ab,kim punaḥ janma mohaś ca na jñānaḥ na kṛto ’dhanaḥ ||,11.42ab,kim punaḥ śvetadhāraś ca gurujñānavivarjitaḥ ||
0.2535211267605634,4.61cd,gomedhapuṣkarañ caiva saptadvīpaḥ prakīrtitaḥ |,11.86cd,ācārañ ca bratam idam śīla-dharmaḥ prakīrtitaḥ |
0.2535211267605634,4.29ab,gauṇikā mantram ity uktaḥ traiguṇyañ ca nigadyate ||,11.92cd,anta-śira iti proktam praṇavañ ca nigadyate |
0.2535211267605634,3.14cd,buddhir adhyavasānatvam gauṇikā kukṣir ucyate |,3.62ab,buddhir adhyavasāyatve īśvaro brahmasaṁjñakaḥ ||
0.2535211267605634,11.74cd,etat siddhāntatattvañ ca jñānati paramārthavit |,11.93cd,antañ ca svar iti tattvam siddhāntan nāma nāmataḥ |
0.25333333333333335,4.11cd,svaḥlokaṁ śakramaṇḍalam trailokyam iti saṁjñikam |,4.56ab,bhūmeḥ guṇan tribhuvanam bhautikaṁ śakramaṇḍalam ||
0.25,8.12cd,trigaṇaṁ puruṣeśānam guṇalakṣaṇam eva ca |,11.24cd,manaḥsthānañ ca krodhañ ca sukhalakṣaṇam eva ca |
0.25,5.47cd,... oṅkārajñānam uttamam |,6.4ab,sarvaśāstram adhīyeta tyajanti jñānam uttamam ||
0.25,4.65ab,tato daśaguṇam vindyāt kuśadvīpāntaram mayaṁ ||,4.68cd,tato daśaguṇaṁ caivam puṣkaradvīpam ārabhet |
0.25,4.59cd,naiva sadbhāvam atulam na sadbhāvam anādhikam |,5.33cd,na sadbuddhiḥ karaṇāntam naivāsadbuddhy-anāśravam |
0.25,4.59ab,sadbhāvaṁ sadasadbhāvam asadbhavaṁ paraṁ padam ||,5.33ab,sadbuddhiḥ sadasadbuddhiḥ asadbuddhis tataḥ param ||
0.25,4.24ab,ahaṅkārotpannaṁ buddheḥ rudras tatrādhidevataḥ ||,4.25ab,pañcāṅgañ caiva mātrāni ugras tatrādhidevataḥ ||
0.25,3.8cd,tatra tatrāsīn abhūtaḥ sa eko śiva-tiṣṭhati |,3.69ab,teṣu sarveṣu sattveṣu śiva eko ’dhitiṣṭhati ||
0.25,3.39cd,gṛhyamāno ’dhibhūtaś ca bāyu devas sanātanaḥ |,4.24cd,abhimāno ’dhibhūtaś ca yāvad rajas tu raudrakam |
0.25,3.24cd,trividhaṁ śakramaṇḍalam te trayoktaṁ manīṣiṇā |,4.11cd,svaḥlokaṁ śakramaṇḍalam trailokyam iti saṁjñikam |
0.25,2.2cd,trivarṇa-triguṇaṁ jñeyam jaṭhari saṁnyaset vudhaḥ |,2.3cd,nīlāñjanaprabhātulyam hṛdisthaṁ saṁnyaset vudhaḥ |
0.25,1.6ab,yatra yatra samuddīkṣya tatra tatraiva labhyate ||,3.54cd,yatra yatra samutpannam tatra tatrādhigacchati |
0.25,1.19cd,aṣṭaśivasya nirmālyam paran nirbāṇam avyayam |,2.6ab,akāran nirmalaṁ śūnyam śivaṁ param anāmayam ||
0.25,1.18ab,svacchaṁ sūkṣmaṁ paraṁ śūnyam śivaṅ kaivalyam acyutam ||,4.13cd,śivam vā kāraṇacyutam śūnyaṁ satyam anāśravam |
0.2465753424657534,5.22ab,sarvaiśvaryaśūnyam idam śuddhaṁ paramanirmalam ||,5.36ab,naivāsaddhī param brahma oṁkāraṁ śūnyanirmalam ||
0.2465753424657534,11.35cd,dehi jñānañ ca siddhāntam pañcapade dhane prati |,11.74cd,etat siddhāntatattvañ ca jñānati paramārthavit |
0.2463768115942029,5.41cd,evan nirbāṇam ādhikyam śūnyam atyantanirmalam |,11.25cd,susūkṣma-sarvabhūtānām sthānam atyantanirmalam |
0.2463768115942029,5.17cd,sarvāṅge nirmalaṁ śuddham ākāśe ’pi ca nirmalam |,5.22ab,sarvaiśvaryaśūnyam idam śuddhaṁ paramanirmalam ||
0.2463768115942029,4.12ab,prājāpatyaṁ mahālokam janalokan tu vaiṣṇavam ||,7.15cd,paścime tu mahādevam uttare vaiṣṇavaṁ mukham |
0.2463768115942029,11.63cd,vibhuśaktir iti khyātaḥ makārākṣarasaṅjñakaḥ |,11.78cd,dakāraḥ svar iti khyātam mahālokaṁ dhakārakaḥ |
0.2463768115942029,11.33ab,evaṁ jñānam mahādevi na prakāśati tattvavit ||,11.46cd,patnikā śrīmahādevī prakṛtisaṁjña tattvavit |
0.24615384615384617,9.8ab,yajña tapo mahādevi satyadharmavidhin tathā ||,11.47ab,evaṁ jñātvā mahādevi sakalan niṣkalan tathā ||
0.24615384615384617,4.12ab,prājāpatyaṁ mahālokam janalokan tu vaiṣṇavam ||,4.34ab,tamomaya-vaiṣṇavākhyam janalokanivāsinaḥ ||
0.24615384615384617,2.13ab,śivaṁ paramanirbāṇam śūnyāśūnyātiśūnyakam ||,5.22ab,sarvaiśvaryaśūnyam idam śuddhaṁ paramanirmalam ||
0.24615384615384617,11.76ab,bhūrlokam prathamaṁ bhedam bhuvaḥlokaṁ dvitīyakam ||,11.78ab,sakārañ caiva bhūḥlokam bhuvaḥlokaṁ ikārakaḥ ||
0.2459016393442623,1.18ab,svacchaṁ sūkṣmaṁ paraṁ śūnyam śivaṅ kaivalyam acyutam ||,4.49cd,akāraṁ paramaṁ śūnyam ukāram paramaṁ padam |
0.24561403508771928,2.13ab,śivaṁ paramanirbāṇam śūnyāśūnyātiśūnyakam ||,11.81ab,etat paramanirbāṇam aṣṭāni ca guṇāni ca ||
0.24561403508771928,1.20ab,etat paramanirbāṇam etat kevalaśāntikam ||,5.21ab,tato nirbāṇam ādhikyam nirbāṇam paramaṁ padam ||
0.24285714285714285,4.7ab,sajjīva-nirmalañ chūnyam brahmeśānī nigadyate ||,4.9cd,nirmitaṁ paramānandam brahmākṣaran nigadyate |
0.24285714285714285,4.64ab,tato daśaguṇaṁ vindyāt lavaṇodam pramāṇataḥ ||,4.65cd,tato daśaguṇaṁ caivam samudran dadhi-saṅsmṛtaḥ |
0.24285714285714285,3.65ab,he deva mahāsūkṣma ca uktas tatrādhidevataḥ ||,4.24ab,ahaṅkārotpannaṁ buddheḥ rudras tatrādhidevataḥ ||
0.24285714285714285,3.60cd,saṅkalpaṇaiḥ mano vīra somaṁ tṛptyanti nityaśaḥ |,5.10ab,ubhayātma mano vīra saṅkalpan tat prati prati ||
0.24285714285714285,3.38cd,vaktavyam adhibhūtañ ca devadevasya sambhavaḥ |,3.39cd,gṛhyamāno ’dhibhūtaś ca bāyu devas sanātanaḥ |
0.24242424242424243,4.56cd,apsuguṇaṁ prajāpatyam gauṇikam padam ucyate |,4.73cd,āgneyadakṣiṇe caiva gauṇikamantram ucyate |
0.24242424242424243,2.6ab,akāran nirmalaṁ śūnyam śivaṁ param anāmayam ||,4.13cd,śivam vā kāraṇacyutam śūnyaṁ satyam anāśravam |
0.24242424242424243,2.12cd,kapālāntātivikṣepam paran nirbāṇam acyutam |,4.36ab,nirūpan nirvikārañ ca nissaktam padam acyutam ||
0.24242424242424243,11.89ab,siddhaṅ kriyā iti proktam antaṁ jñānam iti smṛtam ||,11.91cd,antaṁ śivam iti proktam praṇavam ekam eva ca |
0.24242424242424243,11.74ab,ācāraś ca kriyāśaktiḥ śīla-jñānaṁ prakīrtitam ||,11.85cd,ācāraśīlarahitam kriyājñānavibhusmṛtaḥ |
0.24242424242424243,11.31ab,etat jñānam mahādevi bāyubhūtas sadāśivaḥ ||,11.45ab,idaṁ jñānam mahādevi siddhāntan nāma nāmataḥ ||
0.24242424242424243,11.25ab,vindudvayaṁ paraṁ vidvān nāsikāgre sadāśivam ||,11.26cd,nāsikāgre vibhūtañ ca bāyubhūtas sadāśivaḥ |
0.24242424242424243,1.29ab,tatra śūnyam sadājñeyam śivanirmalasaṁjñikam ||,2.6ab,akāran nirmalaṁ śūnyam śivaṁ param anāmayam ||
0.24193548387096775,4.52ab,etat śūnyapadaṁ vindyāt etat paramaśāntikam ||,4.52cd,etat paramakaivalyam etat maheśvaraṁ padam |
0.24193548387096775,1.29cd,tathākṣarasamārabdham nirakṣaram anāmayam |,2.6ab,akāran nirmalaṁ śūnyam śivaṁ param anāmayam ||
0.2413793103448276,4.52cd,etat paramakaivalyam etat maheśvaraṁ padam |,5.21ab,tato nirbāṇam ādhikyam nirbāṇam paramaṁ padam ||
0.2413793103448276,1.18cd,anāmayam anidhanam anādimadhyamāntikam |,2.9cd,anādimadhyamāntaś ca lalāṭānte niyojayet |
0.23943661971830985,3.40cd,utsargam adhibhūtañ ca bahnirūpatvam ācaret |,4.25cd,vibhājyam adhibhūtañ ca śivatvan te prakīrtitaḥ |
0.23943661971830985,2.7ab,atyantanirmalañ chūnyam dhruvaṁ śivataran tathā ||,5.41cd,evan nirbāṇam ādhikyam śūnyam atyantanirmalam |
0.23943661971830985,11.33ab,evaṁ jñānam mahādevi na prakāśati tattvavit ||,11.34ab,śaivasiddhāntaka-jñānam na dehi tasya tattvavit ||
0.2391304347826087,4.49cd,akāraṁ paramaṁ śūnyam ukāram paramaṁ padam |,4.59ab,sadbhāvaṁ sadasadbhāvam asadbhavaṁ paraṁ padam ||
0.23880597014925373,8.7cd,sakalaniṣkalam bhasmam vidyate na punarbhavaḥ |,9.1cd,bhāṣitāni vidhānāni yo jñātvā na punarbhavaḥ |
0.23880597014925373,8.6cd,makāro mama rūpevam praṇavaṁ tryakṣaraṁ smṛtam |,11.87ab,evam akṣarasiddhāntam praṇavam bhedalakṣaṇam ||
0.23880597014925373,11.87cd,siddhaṁ sadāśivam proktam antaṁ paramasaṅjñakam |,11.91cd,antaṁ śivam iti proktam praṇavam ekam eva ca |
0.23809523809523808,5.33ab,sadbuddhiḥ sadasadbuddhiḥ asadbuddhis tataḥ param ||,5.35ab,sadbuddhiḥ jāgram ity uktam sadasat svapnam ucyate ||
0.23809523809523808,4.37cd,viśvayajñamahāsūkṣmaḥ ṛṣayaḥ brahmacāriṇaḥ |,4.39ab,nirānandaḥ nirāhāraḥ brahmāstrabrahmacāriṇaḥ ||
0.23728813559322035,4.49cd,akāraṁ paramaṁ śūnyam ukāram paramaṁ padam |,5.22ab,sarvaiśvaryaśūnyam idam śuddhaṁ paramanirmalam ||
0.23636363636363636,4.49cd,akāraṁ paramaṁ śūnyam ukāram paramaṁ padam |,4.52ab,etat śūnyapadaṁ vindyāt etat paramaśāntikam ||
0.2361111111111111,7.2cd,brahmā viṣṇu-śivaś caiva utpattiś ca nigadyate |,7.25ab,utpatti-bhagavān brahmā sthiti-viṣṇuḥ tathaiva ca ||
0.2361111111111111,5.22ab,sarvaiśvaryaśūnyam idam śuddhaṁ paramanirmalam ||,5.29ef,sarvaṁ tyaktaṁ paraṁ śūnyam nirbāṇam paramaṁ brajet ||
0.2361111111111111,4.61cd,gomedhapuṣkarañ caiva saptadvīpaḥ prakīrtitaḥ |,11.75cd,kriyate matimān devi saptabhedaḥ prakīrtitaḥ |
0.2361111111111111,3.78ab,ātmā viṣṇur iti jñeyaḥ antarātma-pitāmahāḥ ||,11.90ab,siddhaṁ vibhur iti jñeyaḥ antaṁ prabhus tathaiva ca ||
0.2361111111111111,3.38cd,vaktavyam adhibhūtañ ca devadevasya sambhavaḥ |,4.25cd,vibhājyam adhibhūtañ ca śivatvan te prakīrtitaḥ |
0.2361111111111111,2.17ab,śivas sarvagatas sūkṣmaḥ bhūtānām antarikṣavat ||,11.25cd,susūkṣma-sarvabhūtānām sthānam atyantanirmalam |
0.2361111111111111,11.67cd,karmāṇi vividhāny eva yathecchā kurute bhuvi |,11.83cd,śrī jaṭādhāra-śikhaṇḍin yathecchā kurute muniḥ |
0.2361111111111111,11.34ab,śaivasiddhāntaka-jñānam na dehi tasya tattvavit ||,11.74cd,etat siddhāntatattvañ ca jñānati paramārthavit |
0.23529411764705882,4.53ab,amāso na saṁbatsāram parameśvarasaṅjñakam ||,11.87cd,siddhaṁ sadāśivam proktam antaṁ paramasaṅjñakam |
0.23529411764705882,4.26cd,bhṛguś cāṅgirasaś caiva jamadagnis tathaiva ca |,11.52ab,brāhmaṇa-kṣatriyaś caiva vaiśya-śūdras tathaiva ca ||
0.23529411764705882,3.5cd,tato bāyur iti spārśam śabdasparśaguṇātmakam |,3.6cd,rasarūpaśabdasparśaḥ tato vā salilātmakaḥ |
0.23529411764705882,3.49cd,prāṇo ’pānaḥ samānaś ca udāna-byāna-m-eva ca |,3.50cd,mukhe prāṇo ’py adho ’pānaḥ samāno hṛdi saṅsthitaḥ |
0.23529411764705882,2.6ab,akāran nirmalaṁ śūnyam śivaṁ param anāmayam ||,5.29ef,sarvaṁ tyaktaṁ paraṁ śūnyam nirbāṇam paramaṁ brajet ||
0.23529411764705882,2.6ab,akāran nirmalaṁ śūnyam śivaṁ param anāmayam ||,4.42cd,durjñeyaṁ durvicintyañ ca śūnyaṁ paramanirmalam |
0.23529411764705882,11.70ab,pittaṁ śivañ ca paramam hṛdayañ ca sadāśivam ||,11.80ab,ānandaṁ paramaṁ sūkṣmam śivaṁ nityañ ca ṣaṇmukha ||
0.23529411764705882,11.31ab,etat jñānam mahādevi bāyubhūtas sadāśivaḥ ||,11.33ab,evaṁ jñānam mahādevi na prakāśati tattvavit ||
0.23529411764705882,1.25ab,sa evaṁ prāṇa uktaiva dehināṁ brahmamantrataḥ ||,5.45cd,idaṁ brahmapadaṁ prāpya brahmamantrajña gīyate |
0.234375,8.11cd,śāntadāntāya śiṣyāya dātavyaḥ vidhivat punaḥ |,11.37ab,na putrāya pradātavyam na śiṣyāya kadā cana ||
0.234375,2.13ab,śivaṁ paramanirbāṇam śūnyāśūnyātiśūnyakam ||,4.44cd,atiparamaśūnyāntam nirbāṇan niṣkalaṁ prabhuḥ |
0.2328767123287671,5.45ab,anekaśataṁ sahasram kalpaṁ brahmapuran tathā ||,7.8ab,hutāśanañ ca oṅkāram kāṣṭhaṁ brahmākṣaran tathā ||
0.2328767123287671,4.42cd,durjñeyaṁ durvicintyañ ca śūnyaṁ paramanirmalam |,5.36ab,naivāsaddhī param brahma oṁkāraṁ śūnyanirmalam ||
0.2328767123287671,4.25cd,vibhājyam adhibhūtañ ca śivatvan te prakīrtitaḥ |,11.86cd,ācārañ ca bratam idam śīla-dharmaḥ prakīrtitaḥ |
0.2328767123287671,3.65cd,sarvatattve svaviṣayam śivadevo ’dhigacchati |,3.74cd,paścāt saṅharate bhūyaḥ sarvatattve ’vagacchati |
0.23214285714285715,4.59ab,sadbhāvaṁ sadasadbhāvam asadbhavaṁ paraṁ padam ||,5.34ab,pañcapadam adhikyan tam paraṁ sarvapadaṁ smṛtam ||
0.2318840579710145,8.10ab,idaṁ jñānam mahādevi sarvatattvaviśeṣitam ||,11.44ab,idaṁ jñānan tu tatsarvam mama guhyan tu cintayet ||
0.2318840579710145,7.4cd,brahmā viṣṇu śivaś caiva pralīnañ ca nigadyate |,11.92cd,anta-śira iti proktam praṇavañ ca nigadyate |
0.2318840579710145,5.4cd,śūnyam atyantakaivalyam etan nairātmyasaṅgamam |,5.41cd,evan nirbāṇam ādhikyam śūnyam atyantanirmalam |
0.2318840579710145,4.64ab,tato daśaguṇaṁ vindyāt lavaṇodam pramāṇataḥ ||,4.68cd,tato daśaguṇaṁ caivam puṣkaradvīpam ārabhet |
0.2318840579710145,4.64ab,tato daśaguṇaṁ vindyāt lavaṇodam pramāṇataḥ ||,4.66cd,tato daśaguṇaṁ proktam śālmalīdvīpam ucyate |
0.2318840579710145,4.57cd,bāyuguṇan tu saṅjño ’yam pauruṣam paramaṁ smṛtam |,5.34ab,pañcapadam adhikyan tam paraṁ sarvapadaṁ smṛtam ||
0.2318840579710145,3.22cd,śanaiścaras tathā rāhuḥ dhūmaketus tathaiva ca |,11.52ab,brāhmaṇa-kṣatriyaś caiva vaiśya-śūdras tathaiva ca ||
0.23076923076923078,8.10ab,idaṁ jñānam mahādevi sarvatattvaviśeṣitam ||,11.47ab,evaṁ jñātvā mahādevi sakalan niṣkalan tathā ||
0.23076923076923078,7.8ab,hutāśanañ ca oṅkāram kāṣṭhaṁ brahmākṣaran tathā ||,9.50ab,pañcabrahmākṣaraṁ piṇḍam hrasvadīrghaplutan tathā ||
0.23076923076923078,4.34cd,tataḥ paraṁ mahāsūkṣmam tapolokam anāmayam |,4.35cd,tatvījaṁ puruṣo divyam sūkṣmaṁ sūkṣmataraṁ param |
0.23076923076923078,3.65cd,sarvatattve svaviṣayam śivadevo ’dhigacchati |,3.69ab,teṣu sarveṣu sattveṣu śiva eko ’dhitiṣṭhati ||
0.23076923076923078,3.45cd,hṛdayādyāś ca vai sarvam pṛthivī pañcadhā smṛtaḥ |,3.46cd,majjamedhañ ca pittādyāḥ pañcadhā salilaṁ smṛtam |
0.23076923076923078,3.32cd,spṛṣṭavyam adhibhūtañ ca ākāśam adhidevatam |,3.40cd,utsargam adhibhūtañ ca bahnirūpatvam ācaret |
0.23076923076923078,2.13ab,śivaṁ paramanirbāṇam śūnyāśūnyātiśūnyakam ||,4.42cd,durjñeyaṁ durvicintyañ ca śūnyaṁ paramanirmalam |
0.23076923076923078,11.86ab,ācāraṁ byaktakam idam śīlam abyaktam eva ca ||,11.86cd,ācārañ ca bratam idam śīla-dharmaḥ prakīrtitaḥ |
0.23076923076923078,11.45ab,idaṁ jñānam mahādevi siddhāntan nāma nāmataḥ ||,11.47ab,evaṁ jñātvā mahādevi sakalan niṣkalan tathā ||
0.22972972972972974,8.13cd,yo jñātvā na punarjanmaḥ nirakṣaran tathā kṣaṇāt |,11.43cd,yo vetti na punarjanmaḥ viśate paramaṁ śivam |
0.22972972972972974,7.22ab,brahmā oṅkāra-sāvitrī svāhā patnī tathaiva ca ||,7.25ab,utpatti-bhagavān brahmā sthiti-viṣṇuḥ tathaiva ca ||
0.22972972972972974,11.51cd,svaśaktiḥ śaivasiddhāntam etatbhūtam idañ jagat |,11.55cd,brahmā viṣṇu-tathā rudraḥ evambhūtam idañ jagat |
0.22950819672131148,5.21ab,tato nirbāṇam ādhikyam nirbāṇam paramaṁ padam ||,5.34ab,pañcapadam adhikyan tam paraṁ sarvapadaṁ smṛtam ||
0.22950819672131148,11.70ab,pittaṁ śivañ ca paramam hṛdayañ ca sadāśivam ||,11.71cd,yo vijñānañ ca līnañ ca hṛdayaṁ pittalīnakam |
0.22950819672131148,1.19cd,aṣṭaśivasya nirmālyam paran nirbāṇam avyayam |,5.21ab,tato nirbāṇam ādhikyam nirbāṇam paramaṁ padam ||
0.22950819672131148,1.18cd,anāmayam anidhanam anādimadhyamāntikam |,2.11cd,śivam anādimadhyāntam kapālābhyantare sthitam |
0.22857142857142856,7.4ab,emahaṅkāro mano buddhiḥ pralīnañ ca nigadyate ||,11.92cd,anta-śira iti proktam praṇavañ ca nigadyate |
0.22857142857142856,4.64cd,tato daśaguṇam śaṅkaṁ kṣīrodan taddaśaṁ tathā |,4.67ab,tato daśaguṇaṁ vindyāt tathā vai ’kṣu-ca sāgaraḥ ||
0.22807017543859648,5.21ab,tato nirbāṇam ādhikyam nirbāṇam paramaṁ padam ||,11.81ab,etat paramanirbāṇam aṣṭāni ca guṇāni ca ||
0.22807017543859648,1.29cd,tathākṣarasamārabdham nirakṣaram anāmayam |,4.51ab,nirbāṇam atinirbāṇam vākviśuddham anāmayam ||
0.22784810126582278,3.28cd,yad etat maṇḍalaṁ śakraḥ bhautikān tu ’bhidhīyate |,4.56ab,bhūmeḥ guṇan tribhuvanam bhautikaṁ śakramaṇḍalam ||
0.22727272727272727,7.4cd,brahmā viṣṇu śivaś caiva pralīnañ ca nigadyate |,11.72ab,viṣṇau pralīyate rudraḥ viṣṇuḥ brahmā-pralīyate ||
0.22727272727272727,4.34ab,tamomaya-vaiṣṇavākhyam janalokanivāsinaḥ ||,4.57ab,tejoguṇan tu vaiṣṇavyam janaloka-param padam ||
0.22727272727272727,4.33ab,utpattisthitilīnākhyam lokānāṅ kṛtakāraṇaḥ ||,9.50cd,utpattisthitilīnañ ca īśānena vidhīyate |
0.22727272727272727,3.68cd,evaṁ pañcavidhā sarve mahābhūtamayaṁ smṛtam |,5.34ab,pañcapadam adhikyan tam paraṁ sarvapadaṁ smṛtam ||
0.22727272727272727,3.55cd,jihvā rase tu tṛptyanti baruṇan tṛptyate sadā |,3.69cd,yadā tṛptyanti te sarve śiva eko ’bhitṛptyate |
0.22727272727272727,3.18cd,śarīrasya pramāṇatvam tattvaṁ śarīriṇām brajet |,4.48cd,tadaṇḍasya pramāṇatvam dehasya paramaṅ gataḥ |
0.22727272727272727,2.13ab,śivaṁ paramanirbāṇam śūnyāśūnyātiśūnyakam ||,5.37ab,nirbāṇam paramaṁ dhyātvā saṁśuddhaṁ padam āpnuyāt ||
0.22666666666666666,3.24cd,trividhaṁ śakramaṇḍalam te trayoktaṁ manīṣiṇā |,4.56ab,bhūmeḥ guṇan tribhuvanam bhautikaṁ śakramaṇḍalam ||
0.22666666666666666,11.34ab,śaivasiddhāntaka-jñānam na dehi tasya tattvavit ||,11.56ab,śṛṇoti śaivasiddhāntam sarvatattvaphalaṁ bhavet ||
0.22535211267605634,4.8cd,bhūr bhuvaḥ svaḥ iti khyātam pradhānādi-nigadyate |,11.92cd,anta-śira iti proktam praṇavañ ca nigadyate |
0.22535211267605634,4.44cd,atiparamaśūnyāntam nirbāṇan niṣkalaṁ prabhuḥ |,5.29ef,sarvaṁ tyaktaṁ paraṁ śūnyam nirbāṇam paramaṁ brajet ||
0.22535211267605634,4.11cd,svaḥlokaṁ śakramaṇḍalam trailokyam iti saṁjñikam |,4.16ab,ākāśaṁ manas evedam svarlokam iti saṅjñikam ||
0.22535211267605634,3.58cd,utsargaviṣaye pāyuḥ maitri-devo ’bhitṛptyati |,3.59ab,grahaṇe viṣaye caiva pāṇīndrāpy abhitṛptyate ||
0.22535211267605634,3.36cd,karmendriyāni pañcaite pravakṣyāmy anupūrvaśaḥ |,3.37cd,tamorajaḥmayo veda pañcakarmendriyāni vai |
0.22535211267605634,3.33ab,rūpatanmātrato vahniḥ cakṣuḥsukham ajījanat ||,3.40ab,rūpatanmātrato pāyuḥ maitrī devam adhikramam ||
0.22535211267605634,1.28ab,paraṁ brahma mahāsūkṣmam śāntaṁ paramanirmalam ||,4.42cd,durjñeyaṁ durvicintyañ ca śūnyaṁ paramanirmalam |
0.22535211267605634,1.18ab,svacchaṁ sūkṣmaṁ paraṁ śūnyam śivaṅ kaivalyam acyutam ||,4.35cd,tatvījaṁ puruṣo divyam sūkṣmaṁ sūkṣmataraṁ param |
0.22413793103448276,1.20cd,paramātmā mahādevam parameśvarasaṁjñakam |,3.81ab,paramātmastho sūkṣmeṣu paraṁstho parameśvaraḥ ||
0.22388059701492538,9.3cd,kurvanti satataṁ jñānam prāpyante paramaṁ śivam |,11.70ab,pittaṁ śivañ ca paramam hṛdayañ ca sadāśivam ||
0.22388059701492538,8.11ab,pañcapadaṁ prati deyam na śiṣyāya tv asevake ||,11.37ab,na putrāya pradātavyam na śiṣyāya kadā cana ||
0.22388059701492538,4.64cd,tato daśaguṇam śaṅkaṁ kṣīrodan taddaśaṁ tathā |,4.66cd,tato daśaguṇaṁ proktam śālmalīdvīpam ucyate |
0.22388059701492538,3.23ab,nakṣatramaṇḍalaṁ sarvam tārāñ ca maṇḍalaṁ dhruvam ||,3.27ab,śakramaṇḍalakaṁ sarvam evamādyo purandaraḥ ||
0.2236842105263158,7.27ab,jagatsṛṣṭis tathā brahmā viṣṇuḥ pālayito bhavet ||,11.55cd,brahmā viṣṇu-tathā rudraḥ evambhūtam idañ jagat |
0.2236842105263158,2.1ab,bhūr bhuvaḥ svaḥ iti tattvam bhautikaṁ bhuvanatrayam ||,5.29cd,bhūr bhuvaḥ svaḥ mahā janaḥ tapas satyas tadūrdhvakam |
0.2222222222222222,9.3cd,kurvanti satataṁ jñānam prāpyante paramaṁ śivam |,11.43cd,yo vetti na punarjanmaḥ viśate paramaṁ śivam |
0.2222222222222222,8.13ab,piṇḍitam praṇavam proktam vindunādena bhūṣitam ||,11.91cd,antaṁ śivam iti proktam praṇavam ekam eva ca |
0.2222222222222222,4.31ab,na kiñcid api niṣkalam viṣṇulokan nigadyate ||,7.3cd,śivo brahmāpi viṣṇuś ca sthitir evan nigadyate |
0.2222222222222222,4.10ab,oṁkāram atyantapadam ūrdhvātyūrdhvākṣaram param ||,4.49cd,akāraṁ paramaṁ śūnyam ukāram paramaṁ padam |
0.2222222222222222,3.9ab,pṛthivyāṁ śarva eko ’yam salile bhava-saṁsmṛtaḥ ||,5.22cd,sarvabhāva-m-avākāśam pṛthivyāṁ vā salila-vai |
0.2222222222222222,3.77ab,ātmā vā so ’ntarātmā ca paramātma-nirātmakaḥ ||,11.64ab,ātmā ca dakṣiṇe saṅjñaḥ antarātmā vame sthite ||
0.2222222222222222,3.69ab,teṣu sarveṣu sattveṣu śiva eko ’dhitiṣṭhati ||,3.69cd,yadā tṛptyanti te sarve śiva eko ’bhitṛptyate |
0.2222222222222222,3.60cd,saṅkalpaṇaiḥ mano vīra somaṁ tṛptyanti nityaśaḥ |,5.24cd,mano ’vibhrāntasaṅkalpam vedenāvaśa-nityaśaḥ |
0.2222222222222222,3.39ab,sparśatanmātrato jātaḥ pāṇir indro ’dhidevataḥ ||,3.40ab,rūpatanmātrato pāyuḥ maitrī devam adhikramam ||
0.2222222222222222,3.21cd,rasātalagatas saptaḥ bhūḥlokam iti saṅjñikam |,4.11cd,svaḥlokaṁ śakramaṇḍalam trailokyam iti saṁjñikam |
0.2222222222222222,2.13ab,śivaṁ paramanirbāṇam śūnyāśūnyātiśūnyakam ||,5.46cd,tatra nirbāṇam icchanti nirānandam idaṁ param |
0.2222222222222222,2.13ab,śivaṁ paramanirbāṇam śūnyāśūnyātiśūnyakam ||,5.41cd,evan nirbāṇam ādhikyam śūnyam atyantanirmalam |
0.2222222222222222,2.10ab,niṣkalañ ca nirapekṣam kaivalyam paramañ chivam ||,4.38ab,nityadhyānecchatāṁ sarve nirapekṣañ ca nirmalam ||
0.2222222222222222,11.76gh,janaṁ pañca tapaṁ ṣaṣṭhyām satyalokañ ca saptadhā |,11.79ab,akāraṁ janalokañ ca nakārañ ca tapolokam ||
0.2222222222222222,1.20ab,etat paramanirbāṇam etat kevalaśāntikam ||,5.46cd,tatra nirbāṇam icchanti nirānandam idaṁ param |
0.2222222222222222,1.18ab,svacchaṁ sūkṣmaṁ paraṁ śūnyam śivaṅ kaivalyam acyutam ||,2.9ab,acintya-manasāgrāhyam śivaṅ kaivalyam ādhikam ||
0.22077922077922077,1.18ab,svacchaṁ sūkṣmaṁ paraṁ śūnyam śivaṅ kaivalyam acyutam ||,11.80ab,ānandaṁ paramaṁ sūkṣmam śivaṁ nityañ ca ṣaṇmukha ||
0.22058823529411764,8.28ab,mantrahūṁdhrūtnamaskāram mudrārcaṇavidhikramam ||,9.23ab,arcaṇāt paramaṁ mudrā mudrāṇāṁ mantram uttamam ||
0.22058823529411764,5.7ab,triguṇan taijasaḥ vetti uṣṇaṁ suvarṇalakṣaṇam ||,8.12cd,trigaṇaṁ puruṣeśānam guṇalakṣaṇam eva ca |
0.22058823529411764,5.32ab,sarvatattvam aśeṣeṇa yadi śūnyapadaṁ manaḥ ||,5.40ab,yadi taptaḥ janaḥ kleśe śūnyapadaṁ sanaiḥ sanaiḥ ||
0.22058823529411764,4.64ab,tato daśaguṇaṁ vindyāt lavaṇodam pramāṇataḥ ||,4.64cd,tato daśaguṇam śaṅkaṁ kṣīrodan taddaśaṁ tathā |
0.22058823529411764,4.12cd,tapolokam brahmapadam satyalokan tu śaṅkaram |,4.57ab,tejoguṇan tu vaiṣṇavyam janaloka-param padam ||
0.22058823529411764,3.58cd,utsargaviṣaye pāyuḥ maitri-devo ’bhitṛptyati |,3.63cd,adhidevo mahādevaḥ kāraṇatve ’bhitṛptyate |
0.22058823529411764,3.14ab,vījāṅkuran tu tanmātram tejasthānābhimānataḥ ||,4.3ab,manas tanmātram āyatvam tanmātran taijasaṅ gatam ||
0.22058823529411764,11.92ab,sikāraṁ mūrtipakṣākhyam ddhakāraṁ hṛdayan tathā ||,11.93ab,sikāraṁ bhūr iti khyātam ddhakāraṁ bhuva eva ca ||
0.22058823529411764,11.91ab,sikāraṁ rudra-vijñeyam ddhakārañ ceśvaraṁ smṛtam ||,11.93ab,sikāraṁ bhūr iti khyātam ddhakāraṁ bhuva eva ca ||
0.22058823529411764,1.29ab,tatra śūnyam sadājñeyam śivanirmalasaṁjñikam ||,5.41cd,evan nirbāṇam ādhikyam śūnyam atyantanirmalam |
0.2191780821917808,9.3cd,kurvanti satataṁ jñānam prāpyante paramaṁ śivam |,11.87cd,siddhaṁ sadāśivam proktam antaṁ paramasaṅjñakam |
0.2191780821917808,8.13cd,yo jñātvā na punarjanmaḥ nirakṣaran tathā kṣaṇāt |,9.1cd,bhāṣitāni vidhānāni yo jñātvā na punarbhavaḥ |
0.2191780821917808,7.23cd,bhakāro bhagavān brahmā ekatattva-trayībhavet |,7.25ab,utpatti-bhagavān brahmā sthiti-viṣṇuḥ tathaiva ca ||
0.2191780821917808,5.29ef,sarvaṁ tyaktaṁ paraṁ śūnyam nirbāṇam paramaṁ brajet ||,5.37ab,nirbāṇam paramaṁ dhyātvā saṁśuddhaṁ padam āpnuyāt ||
0.2191780821917808,4.9cd,nirmitaṁ paramānandam brahmākṣaran nigadyate |,7.3cd,śivo brahmāpi viṣṇuś ca sthitir evan nigadyate |
0.2191780821917808,3.46cd,majjamedhañ ca pittādyāḥ pañcadhā salilaṁ smṛtam |,3.68cd,evaṁ pañcavidhā sarve mahābhūtamayaṁ smṛtam |
0.2191780821917808,3.33ab,rūpatanmātrato vahniḥ cakṣuḥsukham ajījanat ||,3.35ab,gandhatanmātrato bhūmiḥ ghrāṇasukham utpādayet ||
0.2191780821917808,3.32ab,sparśatanmātrato bāyuḥ sa tvaksukham ajījanat ||,3.39ab,sparśatanmātrato jātaḥ pāṇir indro ’dhidevataḥ ||
0.2191780821917808,1.4ab,hṛdistham sarvabhūtānām paśyate jalacakravat ||,11.25cd,susūkṣma-sarvabhūtānām sthānam atyantanirmalam |
0.21875,4.44cd,atiparamaśūnyāntam nirbāṇan niṣkalaṁ prabhuḥ |,5.21ab,tato nirbāṇam ādhikyam nirbāṇam paramaṁ padam ||
0.21875,4.43ab,anāśrayam anaupamyam virahakam atīndriyam ||,5.10ef,evam atīndriyaṁ param manaḥ śūnyam vinaśyati ||
0.21875,3.73ab,tattvaṁ tiṣṭhanti te sarve tattvaṁ līyati te punaḥ ||,3.82cd,śivātmā bhavate sarve śivatattve pralīyate |
0.21875,3.53cd,ete sarvaśarīrākhyam sādhibhūtādhidaivatam |,4.2cd,etat bhūtaśarīrākhyam śarīraniṣṭha-r-ucyate |
0.21739130434782608,7.26ab,utpattisthitilīnākhyam brāhmādyaḥ suraśaraṇaḥ ||,9.50cd,utpattisthitilīnañ ca īśānena vidhīyate |
0.21739130434782608,7.12cd,aṅgulyāḥ samidhaṁ proktam rekhā maṇḍalam eva ca |,11.91cd,antaṁ śivam iti proktam praṇavam ekam eva ca |
0.21739130434782608,4.64cd,tato daśaguṇam śaṅkaṁ kṣīrodan taddaśaṁ tathā |,4.65cd,tato daśaguṇaṁ caivam samudran dadhi-saṅsmṛtaḥ |
0.21739130434782608,4.58cd,manoguṇan tad oṅkāram śivam īśapuram viduḥ |,4.68ab,samudrañ ca surāpāṇam guṇan tadvad daśam viduḥ ||
0.21739130434782608,4.55cd,viyatguṇaṁ manaś caiva ṣaḍvidham padam ucyate |,4.73cd,āgneyadakṣiṇe caiva gauṇikamantram ucyate |
0.21739130434782608,2.7cd,tālukānte nirānandam ukāraṁ sannidhāpayet |,2.8cd,śivatamo makāraś ca bhrūmadhye sannidhāpayet |
0.21739130434782608,2.6ab,akāran nirmalaṁ śūnyam śivaṁ param anāmayam ||,3.17ab,jīvasya kāraṇaṁ śambhuḥ niṣkalaṁ śivam akṣaram ||
0.21739130434782608,2.11ab,sūkṣmam atyanta-paramam padaṁ viśvanyasottamam ||,4.42ab,ataḥ parama-sūkṣmatvāt viśeṣāl lokam acyutam ||
0.21739130434782608,11.64cd,paramātmā nāsike ca praṇavaṁ bhedalakṣaṇam |,11.75ab,akṣaraṁ jñānasiddhāntam saptadhā bhedalakṣaṇam ||
0.21739130434782608,1.33cd,labhyate munir atyantam mokṣam paramadurlabham |,2.11ab,sūkṣmam atyanta-paramam padaṁ viśvanyasottamam ||
0.21666666666666667,8.9ab,sarvakarmāṇi yaḥ kṛtvā aśubhāni śubhāni ca ||,11.49ab,śubhāśubhāni karmāṇi prakaroti vicakṣaṇaḥ ||
0.21666666666666667,7.23ab,sakāro bhagavān viṣṇuḥ makāro bhagavān śivaḥ ||,7.23cd,bhakāro bhagavān brahmā ekatattva-trayībhavet |
0.21666666666666667,4.49cd,akāraṁ paramaṁ śūnyam ukāram paramaṁ padam |,5.37ab,nirbāṇam paramaṁ dhyātvā saṁśuddhaṁ padam āpnuyāt ||
0.21621621621621623,4.66ab,tato daśaguṇaḥ krauñcaḥ ghṛtodadhyāgatas tathā ||,4.67ab,tato daśaguṇaṁ vindyāt tathā vai ’kṣu-ca sāgaraḥ ||
0.21621621621621623,4.55ab,bhūmeḥ guṇañ jalaṅguṇyam bāhnibāyuguṇan tathā ||,4.56ab,bhūmeḥ guṇan tribhuvanam bhautikaṁ śakramaṇḍalam ||
0.21621621621621623,3.5cd,tato bāyur iti spārśam śabdasparśaguṇātmakam |,5.8ab,dvimātro bāyur evoktam sparśaśabdaś ca lakṣaṇam ||
0.21621621621621623,11.36cd,idaṁ jñānañ ca siddhāntam jñātvā devi vicakṣaṇaḥ |,11.74cd,etat siddhāntatattvañ ca jñānati paramārthavit |
0.21568627450980393,4.59ab,sadbhāvaṁ sadasadbhāvam asadbhavaṁ paraṁ padam ||,4.59cd,naiva sadbhāvam atulam na sadbhāvam anādhikam |
0.21568627450980393,4.49cd,akāraṁ paramaṁ śūnyam ukāram paramaṁ padam |,11.4ab,akāraṁ pratichedañ ca ukārañ chedam eva ca ||
0.2153846153846154,5.21ab,tato nirbāṇam ādhikyam nirbāṇam paramaṁ padam ||,5.34cd,tathā svapadam oṅkāram mano nirbāṇakañ chuciḥ |
0.2153846153846154,4.53ab,amāso na saṁbatsāram parameśvarasaṅjñakam ||,11.66ab,ubhayor api saṅyogaḥ sahātmeśvarasaṅjñakaḥ ||
0.2153846153846154,4.50ab,makāram paramaṁ divyam tatlīnaṁ paramam padam ||,5.37ab,nirbāṇam paramaṁ dhyātvā saṁśuddhaṁ padam āpnuyāt ||
0.2153846153846154,3.69cd,yadā tṛptyanti te sarve śiva eko ’bhitṛptyate |,3.82cd,śivātmā bhavate sarve śivatattve pralīyate |
0.21428571428571427,4.67cd,tataḥ paran daśaguṇam gomedhaṁ parikīrtitam |,4.76ef,sarvan tu manasi veda tattvaṁ daśaguṇaṁ param ||
0.21428571428571427,4.65cd,tato daśaguṇaṁ caivam samudran dadhi-saṅsmṛtaḥ |,4.67cd,tataḥ paran daśaguṇam gomedhaṁ parikīrtitam |
0.21428571428571427,4.65ab,tato daśaguṇam vindyāt kuśadvīpāntaram mayaṁ ||,4.66cd,tato daśaguṇaṁ proktam śālmalīdvīpam ucyate |
0.21428571428571427,4.50ab,makāram paramaṁ divyam tatlīnaṁ paramam padam ||,4.60cd,ṣaḍvidhām paramam ekam ukṣoviḥ paramam padam |
0.21428571428571427,4.13cd,śivam vā kāraṇacyutam śūnyaṁ satyam anāśravam |,5.11ab,dhyāyet mano mahāśūnyam śivaṅ kaivalyam acyutam ||
0.21428571428571427,3.38cd,vaktavyam adhibhūtañ ca devadevasya sambhavaḥ |,3.40cd,utsargam adhibhūtañ ca bahnirūpatvam ācaret |
0.21428571428571427,3.36ab,buddhīndriyāni pañcamyām proktāni paramarṣiṇā ||,3.43ab,buddhīndriyam pañcabhūtam mahābhūtasukhaṁ bhavet ||
0.21428571428571427,2.15ab,tathā jñātvā mahādevaḥ vyāpī sarvaśarīriṣu ||,2.20ab,jñātvā manasi devañ ca nirmalaṁ sarvadehiṣu ||
0.21428571428571427,11.88ab,siddhaṁ rudra iti proktam anta-devo sadāśivam ||,11.94cd,anta-svarga iti proktaḥ siddhāntan nāma nāmataḥ |
0.21428571428571427,11.88ab,siddhaṁ rudra iti proktam anta-devo sadāśivam ||,11.92cd,anta-śira iti proktam praṇavañ ca nigadyate |
0.21428571428571427,11.44ab,idaṁ jñānan tu tatsarvam mama guhyan tu cintayet ||,11.45ab,idaṁ jñānam mahādevi siddhāntan nāma nāmataḥ ||
0.21428571428571427,1.18ab,svacchaṁ sūkṣmaṁ paraṁ śūnyam śivaṅ kaivalyam acyutam ||,4.52cd,etat paramakaivalyam etat maheśvaraṁ padam |
0.21333333333333335,5.22ab,sarvaiśvaryaśūnyam idam śuddhaṁ paramanirmalam ||,5.32cd,śūnyatve manasi prāpte svayaṁ śuddhātinirmalam |
0.21333333333333335,4.73ab,aiśānyapūrve mahendraḥ bhautikamantram ārabhet ||,4.74cd,bāyabyāṁ soma-saṁnyasya pauruṣamantram ārabhet |
0.21333333333333335,3.32ab,sparśatanmātrato bāyuḥ sa tvaksukham ajījanat ||,3.35ab,gandhatanmātrato bhūmiḥ ghrāṇasukham utpādayet ||
0.21333333333333335,2.7ab,atyantanirmalañ chūnyam dhruvaṁ śivataran tathā ||,4.7ab,sajjīva-nirmalañ chūnyam brahmeśānī nigadyate ||
0.21333333333333335,2.7ab,atyantanirmalañ chūnyam dhruvaṁ śivataran tathā ||,4.60ab,ataḥ ūrdhvatarañ chūnyam nirbāṇāṣṭapadaṁvidhā ||
0.21333333333333335,1.18ab,svacchaṁ sūkṣmaṁ paraṁ śūnyam śivaṅ kaivalyam acyutam ||,4.42ab,ataḥ parama-sūkṣmatvāt viśeṣāl lokam acyutam ||
0.21311475409836064,4.59ab,sadbhāvaṁ sadasadbhāvam asadbhavaṁ paraṁ padam ||,11.87cd,siddhaṁ sadāśivam proktam antaṁ paramasaṅjñakam |
0.21311475409836064,3.73ab,tattvaṁ tiṣṭhanti te sarve tattvaṁ līyati te punaḥ ||,3.83cd,yathā sambhavate sarvam tathā bhavati līyate |
0.21311475409836064,11.86ab,ācāraṁ byaktakam idam śīlam abyaktam eva ca ||,11.91cd,antaṁ śivam iti proktam praṇavam ekam eva ca |
0.2125,8.13cd,yo jñātvā na punarjanmaḥ nirakṣaran tathā kṣaṇāt |,11.60ab,jñātvā saṅkṣiptasiddhāntam na punarjanmakaṁ brajet ||
0.21212121212121213,3.73ab,tattvaṁ tiṣṭhanti te sarve tattvaṁ līyati te punaḥ ||,5.15ab,hṛdayānte samupekṣya tamobhū līyate punaḥ ||
0.21212121212121213,2.10ab,niṣkalañ ca nirapekṣam kaivalyam paramañ chivam ||,4.52cd,etat paramakaivalyam etat maheśvaraṁ padam |
0.2112676056338028,4.8ab,etat jñātvā mahāyogī prayāti paramaṁ padam ||,5.37ab,nirbāṇam paramaṁ dhyātvā saṁśuddhaṁ padam āpnuyāt ||
0.2112676056338028,4.6cd,puruṣa-paramaṅ gatvā niṣkalaḥ prabhur ucyate |,4.44cd,atiparamaśūnyāntam nirbāṇan niṣkalaṁ prabhuḥ |
0.2112676056338028,4.65cd,tato daśaguṇaṁ caivam samudran dadhi-saṅsmṛtaḥ |,4.66cd,tato daśaguṇaṁ proktam śālmalīdvīpam ucyate |
0.2112676056338028,4.3ab,manas tanmātram āyatvam tanmātran taijasaṅ gatam ||,4.3cd,taijasaḥ buddhim āyatvam gauṇikaṁ sūkṣmadehakam |
0.2112676056338028,3.76cd,brahmāviṣṇvīśvaraiḥ saha eko eva trayībhavet |,7.23cd,bhakāro bhagavān brahmā ekatattva-trayībhavet |
0.2112676056338028,3.21ab,antadvīpaṁ samudraś ca antaparvatasaṅgamaḥ ||,3.68ab,pārśvadvayos tathā devaḥ proktaḥ parvatasaṅgamaḥ ||
0.2112676056338028,3.18ab,etat pañcapadaṁ proktam bhuvanasya pramāṇataḥ ||,3.18cd,śarīrasya pramāṇatvam tattvaṁ śarīriṇām brajet |
0.2112676056338028,11.91ab,sikāraṁ rudra-vijñeyam ddhakārañ ceśvaraṁ smṛtam ||,11.92ab,sikāraṁ mūrtipakṣākhyam ddhakāraṁ hṛdayan tathā ||
0.2112676056338028,1.3cd,vākyan te parameśānam sūryāyutasamaprabham |,5.14cd,teṣān tu sakalaṁ bhūtam koṭisūryasamaprabham |
0.2112676056338028,1.31cd,sarvapāpāni dehe ’smin dahet kāṣṭham ivānalaḥ |,1.32ab,yadi pāpasahasrāṇi kāṣṭham ivāgninā dahet ||
0.2112676056338028,1.29ab,tatra śūnyam sadājñeyam śivanirmalasaṁjñikam ||,4.42cd,durjñeyaṁ durvicintyañ ca śūnyaṁ paramanirmalam |
0.2112676056338028,1.15cd,eteṣāṁ dvijarājendra tubhyaṁ sarvam aśeṣataḥ |,11.28cd,saptapātālalokeśaḥ tat sarvam apy aśeṣataḥ |
0.2112676056338028,1.11cd,nitya-dṛṣṭo mahāśūnyam dehinām antarikṣavat |,2.17ab,śivas sarvagatas sūkṣmaḥ bhūtānām antarikṣavat ||
0.21052631578947367,4.8ab,etat jñātvā mahāyogī prayāti paramaṁ padam ||,4.49cd,akāraṁ paramaṁ śūnyam ukāram paramaṁ padam |
0.21052631578947367,2.5ab,satyalokan tathā rudraḥ brahma jīvam anādhikam ||,11.55cd,brahmā viṣṇu-tathā rudraḥ evambhūtam idañ jagat |
0.21052631578947367,2.11ab,sūkṣmam atyanta-paramam padaṁ viśvanyasottamam ||,4.49cd,akāraṁ paramaṁ śūnyam ukāram paramaṁ padam |
0.21052631578947367,11.51cd,svaśaktiḥ śaivasiddhāntam etatbhūtam idañ jagat |,11.56ab,śṛṇoti śaivasiddhāntam sarvatattvaphalaṁ bhavet ||
0.20967741935483872,9.20cd,mantrāṇām uttamaṅ kiñ ca kūṭānām uttamañ ca kim |,9.24ab,sarveṣām api kūṭānām praṇavaṁ kūṭam uttamam ||
0.20967741935483872,4.8ab,etat jñātvā mahāyogī prayāti paramaṁ padam ||,4.50ab,makāram paramaṁ divyam tatlīnaṁ paramam padam ||
0.20967741935483872,4.28ab,anantakoṭisahasraḥ mahālokanivāsinaḥ ||,4.34ab,tamomaya-vaiṣṇavākhyam janalokanivāsinaḥ ||
0.208955223880597,4.8ab,etat jñātvā mahāyogī prayāti paramaṁ padam ||,4.52ab,etat śūnyapadaṁ vindyāt etat paramaśāntikam ||
0.208955223880597,4.63cd,surāsvādu-tathā saptaḥ samudraḥ parikīrtitaḥ |,4.67cd,tataḥ paran daśaguṇam gomedhaṁ parikīrtitam |
0.208955223880597,4.52cd,etat paramakaivalyam etat maheśvaraṁ padam |,5.4cd,śūnyam atyantakaivalyam etan nairātmyasaṅgamam |
0.208955223880597,4.27cd,caturmukhaś caturhastaḥ koṭyārkaḥ sādṛśaḥ prabhāḥ |,4.31cd,caturvaktraś caturhastaḥ caturyugavidhāraṇaḥ |
0.208955223880597,2.6ab,akāran nirmalaṁ śūnyam śivaṁ param anāmayam ||,4.34cd,tataḥ paraṁ mahāsūkṣmam tapolokam anāmayam |
0.208955223880597,2.18cd,bhūte bhūte mahādevaḥ sūkṣmatvān nopalabhyate |,3.63cd,adhidevo mahādevaḥ kāraṇatve ’bhitṛptyate |
0.208955223880597,2.11ab,sūkṣmam atyanta-paramam padaṁ viśvanyasottamam ||,5.34ab,pañcapadam adhikyan tam paraṁ sarvapadaṁ smṛtam ||
0.208955223880597,2.11ab,sūkṣmam atyanta-paramam padaṁ viśvanyasottamam ||,4.52ab,etat śūnyapadaṁ vindyāt etat paramaśāntikam ||
0.208955223880597,11.92ab,sikāraṁ mūrtipakṣākhyam ddhakāraṁ hṛdayan tathā ||,11.95ab,sikāran dakṣiṇe nāse ddhakāraṁ vāmanāsake ||
0.208955223880597,11.73cd,sthānam pañcavidhan devi evam ekam anāmayam |,11.80cd,paraman nīyate devi pittasthānam anuttamam |
0.208955223880597,11.25ab,vindudvayaṁ paraṁ vidvān nāsikāgre sadāśivam ||,11.70ab,pittaṁ śivañ ca paramam hṛdayañ ca sadāśivam ||
0.208955223880597,1.33cd,labhyate munir atyantam mokṣam paramadurlabham |,4.10ab,oṁkāram atyantapadam ūrdhvātyūrdhvākṣaram param ||
0.208955223880597,1.19cd,aṣṭaśivasya nirmālyam paran nirbāṇam avyayam |,5.41cd,evan nirbāṇam ādhikyam śūnyam atyantanirmalam |
0.20833333333333334,7.8cd,umā jvālam mahādīptam dhūma-rudras tathaiva ca |,11.52ab,brāhmaṇa-kṣatriyaś caiva vaiśya-śūdras tathaiva ca ||
0.20833333333333334,5.10ef,evam atīndriyaṁ param manaḥ śūnyam vinaśyati ||,5.25ab,śūnyam acyutam praviśya tat sarvan tu vinaśyati ||
0.20833333333333334,4.6ab,bhārūpaṁ śūnyam atyantam brahma puruṣa-r-ucyate ||,4.35ab,bhārūpaṁ nirmalaṁ śūnyam niścalaṁ pañcato ’bhayam ||
0.20833333333333334,4.57ab,tejoguṇan tu vaiṣṇavyam janaloka-param padam ||,4.57cd,bāyuguṇan tu saṅjño ’yam pauruṣam paramaṁ smṛtam |
0.20833333333333334,4.16cd,saptadvīpaṁ samudrañ ca mahāntaḥ saptaparvatāḥ |,4.61cd,gomedhapuṣkarañ caiva saptadvīpaḥ prakīrtitaḥ |
0.20833333333333334,3.62cd,abyaktan tadupādāne viṣṇuḥ tṛptyadhiko bhavet |,4.20cd,teṣān tu viparītena jagad abyaktako bhavet |
0.20833333333333334,3.56cd,tvac ca tṛptyanti vai sparśe mārutaś cābhitṛptyate |,3.69cd,yadā tṛptyanti te sarve śiva eko ’bhitṛptyate |
0.20833333333333334,3.20ab,+saptadvīpaṁ samudrañ ca mahāntaḥ saptaparvatāḥ|+ ||,4.61cd,gomedhapuṣkarañ caiva saptadvīpaḥ prakīrtitaḥ |
0.20833333333333334,3.17cd,brahmādiparameśāntam śuddhaṁ sūkṣmam anāśravam |,5.33cd,na sadbuddhiḥ karaṇāntam naivāsadbuddhy-anāśravam |
0.20833333333333334,3.17cd,brahmādiparameśāntam śuddhaṁ sūkṣmam anāśravam |,4.13cd,śivam vā kāraṇacyutam śūnyaṁ satyam anāśravam |
0.2077922077922078,4.75ab,madhya ūrdhvam adhasthe ca brahmīśāna-tu mantrakam ||,5.18cd,tiryag ūrdhvam adhasthāñ ca daśeṣu dikvidikṣu ca |
0.2077922077922078,4.29ab,gauṇikā mantram ity uktaḥ traiguṇyañ ca nigadyate ||,7.4ab,emahaṅkāro mano buddhiḥ pralīnañ ca nigadyate ||
0.20689655172413793,4.49cd,akāraṁ paramaṁ śūnyam ukāram paramaṁ padam |,5.10ef,evam atīndriyaṁ param manaḥ śūnyam vinaśyati ||
0.20689655172413793,11.4ab,akāraṁ pratichedañ ca ukārañ chedam eva ca ||,11.86ab,ācāraṁ byaktakam idam śīlam abyaktam eva ca ||
0.20689655172413793,1.18cd,anāmayam anidhanam anādimadhyamāntikam |,1.29cd,tathākṣarasamārabdham nirakṣaram anāmayam |
0.20634920634920634,9.19cd,jñānaṁ samastalokeśa vijñānañ ca sureśvara |,11.71cd,yo vijñānañ ca līnañ ca hṛdayaṁ pittalīnakam |
0.20634920634920634,4.8ab,etat jñātvā mahāyogī prayāti paramaṁ padam ||,5.21ab,tato nirbāṇam ādhikyam nirbāṇam paramaṁ padam ||
0.20634920634920634,2.13ab,śivaṁ paramanirbāṇam śūnyāśūnyātiśūnyakam ||,4.52ab,etat śūnyapadaṁ vindyāt etat paramaśāntikam ||
0.20634920634920634,2.12cd,kapālāntātivikṣepam paran nirbāṇam acyutam |,5.21ab,tato nirbāṇam ādhikyam nirbāṇam paramaṁ padam ||
0.20634920634920634,1.19cd,aṣṭaśivasya nirmālyam paran nirbāṇam avyayam |,2.13ab,śivaṁ paramanirbāṇam śūnyāśūnyātiśūnyakam ||
0.20588235294117646,4.68ab,samudrañ ca surāpāṇam guṇan tadvad daśam viduḥ ||,4.75cd,avayavan daśaguṇam sarveṣāṁ triguṇam viduḥ |
0.20588235294117646,4.64cd,tato daśaguṇam śaṅkaṁ kṣīrodan taddaśaṁ tathā |,4.68cd,tato daśaguṇaṁ caivam puṣkaradvīpam ārabhet |
0.20588235294117646,11.92cd,anta-śira iti proktam praṇavañ ca nigadyate |,11.94cd,anta-svarga iti proktaḥ siddhāntan nāma nāmataḥ |
0.2054794520547945,4.9cd,nirmitaṁ paramānandam brahmākṣaran nigadyate |,7.9ab,vījam brahmākṣaraṁ sarvam vahnir oṅkāram eva ca ||
0.2054794520547945,4.8cd,bhūr bhuvaḥ svaḥ iti khyātam pradhānādi-nigadyate |,11.78cd,dakāraḥ svar iti khyātam mahālokaṁ dhakārakaḥ |
0.2054794520547945,4.67ab,tato daśaguṇaṁ vindyāt tathā vai ’kṣu-ca sāgaraḥ ||,4.68cd,tato daśaguṇaṁ caivam puṣkaradvīpam ārabhet |
0.2054794520547945,4.29cd,vaiṣṇavaṁ paramasthānam pañcavarga-prakīrtitaḥ |,4.30cd,abyakta-paramaṁ sūkṣmam vaiṣṇava-pañca saṁjñikam |
0.2054794520547945,3.65ab,he deva mahāsūkṣma ca uktas tatrādhidevataḥ ||,4.23ab,prakṛteḥ buddhir utpannam brahmā tatrādhidevataḥ ||
0.2054794520547945,3.45cd,hṛdayādyāś ca vai sarvam pṛthivī pañcadhā smṛtaḥ |,5.34ab,pañcapadam adhikyan tam paraṁ sarvapadaṁ smṛtam ||
0.2054794520547945,3.3ab,avyakta-buddhir evāsīt gaurī sāttvam ataḥ param ||,4.4cd,buddhir abyaktam āyatvam tamodhikam atīndriyam |
0.2054794520547945,2.8ab,paramātyantam atulam āthulam niścalañ ca nirāmayam ||,2.10ab,niṣkalañ ca nirapekṣam kaivalyam paramañ chivam ||
0.2054794520547945,2.5ab,satyalokan tathā rudraḥ brahma jīvam anādhikam ||,11.71ab,ahaṅkāra-tathā rudraḥ pañcasthānam aninditam ||
0.2054794520547945,2.20ab,jñātvā manasi devañ ca nirmalaṁ sarvadehiṣu ||,4.38ab,nityadhyānecchatāṁ sarve nirapekṣañ ca nirmalam ||
0.2054794520547945,2.16cd,pañcasthānam eva tiryak śiva-m-eko ’dhitiṣṭhati |,11.69cd,rūpena gatvā sūtreṇa śivasthānaṁ pratiṣṭhati |
0.2054794520547945,11.76gh,janaṁ pañca tapaṁ ṣaṣṭhyām satyalokañ ca saptadhā |,11.79cd,satyalokan takārākhyam saptalokaṁ purārthakaḥ |
0.20512820512820512,7.25ab,utpatti-bhagavān brahmā sthiti-viṣṇuḥ tathaiva ca ||,7.27ab,jagatsṛṣṭis tathā brahmā viṣṇuḥ pālayito bhavet ||
0.20512820512820512,4.23cd,darśanyam abhibhūtañ ca tat sattvaṁ samprakāśyate |,4.25cd,vibhājyam adhibhūtañ ca śivatvan te prakīrtitaḥ |
0.20512820512820512,3.71cd,yāvad utpatti-bhagavān tattvaṁ tiṣṭhanti nityaśaḥ |,7.25ab,utpatti-bhagavān brahmā sthiti-viṣṇuḥ tathaiva ca ||
0.2037037037037037,11.4ab,akāraṁ pratichedañ ca ukārañ chedam eva ca ||,11.79ab,akāraṁ janalokañ ca nakārañ ca tapolokam ||
0.203125,3.48cd,agnis tu pañcadhā jñeyaḥ śarīreṣu śarīrinām |,4.22ab,karmayonis tu pañcaite pañcatapāni dehinām ||
0.203125,3.3ab,avyakta-buddhir evāsīt gaurī sāttvam ataḥ param ||,5.33ab,sadbuddhiḥ sadasadbuddhiḥ asadbuddhis tataḥ param ||
0.2028985507246377,5.32ab,sarvatattvam aśeṣeṇa yadi śūnyapadaṁ manaḥ ||,8.10ab,idaṁ jñānam mahādevi sarvatattvaviśeṣitam ||
0.2028985507246377,5.10cd,sakalaṁ sandhyate pūrvam niṣkalan tadanantaram |,11.47ab,evaṁ jñātvā mahādevi sakalan niṣkalan tathā ||
0.2028985507246377,4.65ab,tato daśaguṇam vindyāt kuśadvīpāntaram mayaṁ ||,4.70ab,tato daśaguṇo veda agrasthānam mahāgireḥ ||
0.2028985507246377,4.64cd,tato daśaguṇam śaṅkaṁ kṣīrodan taddaśaṁ tathā |,4.65ab,tato daśaguṇam vindyāt kuśadvīpāntaram mayaṁ ||
0.2028985507246377,4.56cd,apsuguṇaṁ prajāpatyam gauṇikam padam ucyate |,4.66cd,tato daśaguṇaṁ proktam śālmalīdvīpam ucyate |
0.2028985507246377,4.53ab,amāso na saṁbatsāram parameśvarasaṅjñakam ||,4.58ab,na saṅjñaḥ paramātyantam nabhoguṇam idam viduḥ ||
0.2028985507246377,3.65cd,sarvatattve svaviṣayam śivadevo ’dhigacchati |,3.70ab,sarvasattve śarīrīṇām śiva-jñātvādi-sarvataḥ ||
0.2028985507246377,3.54cd,yatra yatra samutpannam tatra tatrādhigacchati |,4.23ab,prakṛteḥ buddhir utpannam brahmā tatrādhidevataḥ ||
0.2028985507246377,3.39cd,gṛhyamāno ’dhibhūtaś ca bāyu devas sanātanaḥ |,11.26cd,nāsikāgre vibhūtañ ca bāyubhūtas sadāśivaḥ |
0.2028985507246377,3.13ab,samīratvan tad ākāśam saṅkalpam sarvato manaḥ ||,5.10ab,ubhayātma mano vīra saṅkalpan tat prati prati ||
0.2028985507246377,2.6ab,akāran nirmalaṁ śūnyam śivaṁ param anāmayam ||,4.44cd,atiparamaśūnyāntam nirbāṇan niṣkalaṁ prabhuḥ |
0.2028985507246377,11.55cd,brahmā viṣṇu-tathā rudraḥ evambhūtam idañ jagat |,11.72ab,viṣṇau pralīyate rudraḥ viṣṇuḥ brahmā-pralīyate ||
0.2028985507246377,1.9ab,tatra vasati deveśaḥ śiva-śūnya-nirindriyaḥ ||,1.29ab,tatra śūnyam sadājñeyam śivanirmalasaṁjñikam ||
0.2028985507246377,1.28ab,paraṁ brahma mahāsūkṣmam śāntaṁ paramanirmalam ||,4.37cd,viśvayajñamahāsūkṣmaḥ ṛṣayaḥ brahmacāriṇaḥ |
0.2028985507246377,1.28ab,paraṁ brahma mahāsūkṣmam śāntaṁ paramanirmalam ||,2.6ab,akāran nirmalaṁ śūnyam śivaṁ param anāmayam ||
0.2028985507246377,1.11ab,jñānavidā mahādevaḥ hṛdayāntari saṁsthitaḥ ||,11.45ab,idaṁ jñānam mahādevi siddhāntan nāma nāmataḥ ||
0.20270270270270271,7.23cd,bhakāro bhagavān brahmā ekatattva-trayībhavet |,7.27ab,jagatsṛṣṭis tathā brahmā viṣṇuḥ pālayito bhavet ||
0.20270270270270271,5.37ab,nirbāṇam paramaṁ dhyātvā saṁśuddhaṁ padam āpnuyāt ||,7.11cd,sarvāṅguli-śivaṁ jñeyam muktāntaṁ padam āpnuyāt |
0.20270270270270271,5.33cd,na sadbuddhiḥ karaṇāntam naivāsadbuddhy-anāśravam |,5.35cd,asatbuddhiḥ suṣuptākhyam naiva sat tūryasaṅjñikam |
0.20270270270270271,5.1cd,yadi prāṇaṁ parityaktam śūnyadhyānaṁ samārabhet |,5.29ef,sarvaṁ tyaktaṁ paraṁ śūnyam nirbāṇam paramaṁ brajet ||
0.20270270270270271,4.3cd,taijasaḥ buddhim āyatvam gauṇikaṁ sūkṣmadehakam |,4.4cd,buddhir abyaktam āyatvam tamodhikam atīndriyam |
0.20270270270270271,3.32ab,sparśatanmātrato bāyuḥ sa tvaksukham ajījanat ||,3.40ab,rūpatanmātrato pāyuḥ maitrī devam adhikramam ||
0.20270270270270271,1.33ab,aiśvaryavṛddhim ādhikyam sarvabhūtavaśaṅkaram ||,5.22ab,sarvaiśvaryaśūnyam idam śuddhaṁ paramanirmalam ||
